ticker,name,sector,price,change_1d_percent,change_ytd_percent,market_cap_billion,source,url,company_url,exchange,country,scraped_at,data_source,last_updated,size_category,sector_group,exchange_rates,interest_rate_environment,banking_sector_overview
AFM,AFMA,Financials,1105.0,-0.9,0.36,1.1,African Markets,https://www.african-markets.com/en/stock-markets/bvc/listed-companies,https://www.african-markets.com/listed-companies/company?code=AFM,Casablanca Stock Exchange (BVC),Morocco,2025-07-18T15:39:33.739371,African Markets BVC,2025-07-18T15:39:33.743289,Small Cap,Financial Services,{'EUR_MAD': 10.5303},"{'3 months': {'bid_rate': 1.59, 'ask_rate': 1.69}, '1 month': {'bid_rate': 1.56, 'ask_rate': 1.66}, '2 weeks': {'bid_rate': 1.54, 'ask_rate': 1.64}, '1 week': {'bid_rate': 1.52, 'ask_rate': 1.62}, 'Day to day': {'bid_rate': 1.5, 'ask_rate': 1.6}, 'September-2016': {'bid_rate': None, 'ask_rate': None}, 'August-2016': {'bid_rate': None, 'ask_rate': None}, 'July-2016': {'bid_rate': None, 'ask_rate': None}, 'June-2016': {'bid_rate': None, 'ask_rate': None}}","{'banks': 19.0, 'finance_companies': 34.0, 'offshore_banks': 6.0, 'microcredit_associations': 13.0, 'funds_transfer_companies': 10.0, 'other_institutions': 2.0, 'total': 84.0}"
AFI,Afric Industries,Industrials,329.0,-0.26,8.24,0.09,African Markets,https://www.african-markets.com/en/stock-markets/bvc/listed-companies,https://www.african-markets.com/listed-companies/company?code=AFI,Casablanca Stock Exchange (BVC),Morocco,2025-07-18T15:39:33.739450,African Markets BVC,2025-07-18T15:39:33.743295,Micro Cap,Industrials,{'EUR_MAD': 10.5303},"{'3 months': {'bid_rate': 1.59, 'ask_rate': 1.69}, '1 month': {'bid_rate': 1.56, 'ask_rate': 1.66}, '2 weeks': {'bid_rate': 1.54, 'ask_rate': 1.64}, '1 week': {'bid_rate': 1.52, 'ask_rate': 1.62}, 'Day to day': {'bid_rate': 1.5, 'ask_rate': 1.6}, 'September-2016': {'bid_rate': None, 'ask_rate': None}, 'August-2016': {'bid_rate': None, 'ask_rate': None}, 'July-2016': {'bid_rate': None, 'ask_rate': None}, 'June-2016': {'bid_rate': None, 'ask_rate': None}}","{'banks': 19.0, 'finance_companies': 34.0, 'offshore_banks': 6.0, 'microcredit_associations': 13.0, 'funds_transfer_companies': 10.0, 'other_institutions': 2.0, 'total': 84.0}"
GAZ,Afriquia Gaz,Oil & Gas,4400.0,1.15,17.02,15.12,African Markets,https://www.african-markets.com/en/stock-markets/bvc/listed-companies,https://www.african-markets.com/listed-companies/company?code=GAZ,Casablanca Stock Exchange (BVC),Morocco,2025-07-18T15:39:33.739508,African Markets BVC,2025-07-18T15:39:33.743297,Mid Cap,Energy,{'EUR_MAD': 10.5303},"{'3 months': {'bid_rate': 1.59, 'ask_rate': 1.69}, '1 month': {'bid_rate': 1.56, 'ask_rate': 1.66}, '2 weeks': {'bid_rate': 1.54, 'ask_rate': 1.64}, '1 week': {'bid_rate': 1.52, 'ask_rate': 1.62}, 'Day to day': {'bid_rate': 1.5, 'ask_rate': 1.6}, 'September-2016': {'bid_rate': None, 'ask_rate': None}, 'August-2016': {'bid_rate': None, 'ask_rate': None}, 'July-2016': {'bid_rate': None, 'ask_rate': None}, 'June-2016': {'bid_rate': None, 'ask_rate': None}}","{'banks': 19.0, 'finance_companies': 34.0, 'offshore_banks': 6.0, 'microcredit_associations': 13.0, 'funds_transfer_companies': 10.0, 'other_institutions': 2.0, 'total': 84.0}"
AGM,AGMA,Financials,6600.0,,-4.0,1.32,African Markets,https://www.african-markets.com/en/stock-markets/bvc/listed-companies,https://www.african-markets.com/listed-companies/company?code=AGM,Casablanca Stock Exchange (BVC),Morocco,2025-07-18T15:39:33.739559,African Markets BVC,2025-07-18T15:39:33.743299,Small Cap,Financial Services,{'EUR_MAD': 10.5303},"{'3 months': {'bid_rate': 1.59, 'ask_rate': 1.69}, '1 month': {'bid_rate': 1.56, 'ask_rate': 1.66}, '2 weeks': {'bid_rate': 1.54, 'ask_rate': 1.64}, '1 week': {'bid_rate': 1.52, 'ask_rate': 1.62}, 'Day to day': {'bid_rate': 1.5, 'ask_rate': 1.6}, 'September-2016': {'bid_rate': None, 'ask_rate': None}, 'August-2016': {'bid_rate': None, 'ask_rate': None}, 'July-2016': {'bid_rate': None, 'ask_rate': None}, 'June-2016': {'bid_rate': None, 'ask_rate': None}}","{'banks': 19.0, 'finance_companies': 34.0, 'offshore_banks': 6.0, 'microcredit_associations': 13.0, 'funds_transfer_companies': 10.0, 'other_institutions': 2.0, 'total': 84.0}"
ADI,Alliances,Financials,480.0,-2.04,,10.59,African Markets,https://www.african-markets.com/en/stock-markets/bvc/listed-companies,https://www.african-markets.com/listed-companies/company?code=ADI.MA,Casablanca Stock Exchange (BVC),Morocco,2025-07-18T15:39:33.739608,African Markets BVC,2025-07-18T15:39:33.743301,Mid Cap,Financial Services,{'EUR_MAD': 10.5303},"{'3 months': {'bid_rate': 1.59, 'ask_rate': 1.69}, '1 month': {'bid_rate': 1.56, 'ask_rate': 1.66}, '2 weeks': {'bid_rate': 1.54, 'ask_rate': 1.64}, '1 week': {'bid_rate': 1.52, 'ask_rate': 1.62}, 'Day to day': {'bid_rate': 1.5, 'ask_rate': 1.6}, 'September-2016': {'bid_rate': None, 'ask_rate': None}, 'August-2016': {'bid_rate': None, 'ask_rate': None}, 'July-2016': {'bid_rate': None, 'ask_rate': None}, 'June-2016': {'bid_rate': None, 'ask_rate': None}}","{'banks': 19.0, 'finance_companies': 34.0, 'offshore_banks': 6.0, 'microcredit_associations': 13.0, 'funds_transfer_companies': 10.0, 'other_institutions': 2.0, 'total': 84.0}"
ALM,Aluminium Du Maroc,Industrials,1908.0,,32.32,0.88,African Markets,https://www.african-markets.com/en/stock-markets/bvc/listed-companies,https://www.african-markets.com/listed-companies/company?code=ALM,Casablanca Stock Exchange (BVC),Morocco,2025-07-18T15:39:33.739654,African Markets BVC,2025-07-18T15:39:33.743302,Micro Cap,Industrials,{'EUR_MAD': 10.5303},"{'3 months': {'bid_rate': 1.59, 'ask_rate': 1.69}, '1 month': {'bid_rate': 1.56, 'ask_rate': 1.66}, '2 weeks': {'bid_rate': 1.54, 'ask_rate': 1.64}, '1 week': {'bid_rate': 1.52, 'ask_rate': 1.62}, 'Day to day': {'bid_rate': 1.5, 'ask_rate': 1.6}, 'September-2016': {'bid_rate': None, 'ask_rate': None}, 'August-2016': {'bid_rate': None, 'ask_rate': None}, 'July-2016': {'bid_rate': None, 'ask_rate': None}, 'June-2016': {'bid_rate': None, 'ask_rate': None}}","{'banks': 19.0, 'finance_companies': 34.0, 'offshore_banks': 6.0, 'microcredit_associations': 13.0, 'funds_transfer_companies': 10.0, 'other_institutions': 2.0, 'total': 84.0}"
ATL,AtlantaSanad,Financials,140.0,-0.53,9.8,8.43,African Markets,https://www.african-markets.com/en/stock-markets/bvc/listed-companies,https://www.african-markets.com/listed-companies/company?code=ATL.MA,Casablanca Stock Exchange (BVC),Morocco,2025-07-18T15:39:33.739698,African Markets BVC,2025-07-18T15:39:33.743304,Small Cap,Financial Services,{'EUR_MAD': 10.5303},"{'3 months': {'bid_rate': 1.59, 'ask_rate': 1.69}, '1 month': {'bid_rate': 1.56, 'ask_rate': 1.66}, '2 weeks': {'bid_rate': 1.54, 'ask_rate': 1.64}, '1 week': {'bid_rate': 1.52, 'ask_rate': 1.62}, 'Day to day': {'bid_rate': 1.5, 'ask_rate': 1.6}, 'September-2016': {'bid_rate': None, 'ask_rate': None}, 'August-2016': {'bid_rate': None, 'ask_rate': None}, 'July-2016': {'bid_rate': None, 'ask_rate': None}, 'June-2016': {'bid_rate': None, 'ask_rate': None}}","{'banks': 19.0, 'finance_companies': 34.0, 'offshore_banks': 6.0, 'microcredit_associations': 13.0, 'funds_transfer_companies': 10.0, 'other_institutions': 2.0, 'total': 84.0}"
ATW,Attijariwafa Bank,Financials,725.0,3.57,27.42,155.97,African Markets,https://www.african-markets.com/en/stock-markets/bvc/listed-companies,https://www.african-markets.com/listed-companies/company?code=ATW,Casablanca Stock Exchange (BVC),Morocco,2025-07-18T15:39:33.739742,African Markets BVC,2025-07-18T15:39:33.743305,Large Cap,Financial Services,{'EUR_MAD': 10.5303},"{'3 months': {'bid_rate': 1.59, 'ask_rate': 1.69}, '1 month': {'bid_rate': 1.56, 'ask_rate': 1.66}, '2 weeks': {'bid_rate': 1.54, 'ask_rate': 1.64}, '1 week': {'bid_rate': 1.52, 'ask_rate': 1.62}, 'Day to day': {'bid_rate': 1.5, 'ask_rate': 1.6}, 'September-2016': {'bid_rate': None, 'ask_rate': None}, 'August-2016': {'bid_rate': None, 'ask_rate': None}, 'July-2016': {'bid_rate': None, 'ask_rate': None}, 'June-2016': {'bid_rate': None, 'ask_rate': None}}","{'banks': 19.0, 'finance_companies': 34.0, 'offshore_banks': 6.0, 'microcredit_associations': 13.0, 'funds_transfer_companies': 10.0, 'other_institutions': 2.0, 'total': 84.0}"
ATH,Auto Hall,Consumer Services,80.0,,21.21,4.02,African Markets,https://www.african-markets.com/en/stock-markets/bvc/listed-companies,https://www.african-markets.com/listed-companies/company?code=ATH,Casablanca Stock Exchange (BVC),Morocco,2025-07-18T15:39:33.739785,African Markets BVC,2025-07-18T15:39:33.743306,Small Cap,Consumer,{'EUR_MAD': 10.5303},"{'3 months': {'bid_rate': 1.59, 'ask_rate': 1.69}, '1 month': {'bid_rate': 1.56, 'ask_rate': 1.66}, '2 weeks': {'bid_rate': 1.54, 'ask_rate': 1.64}, '1 week': {'bid_rate': 1.52, 'ask_rate': 1.62}, 'Day to day': {'bid_rate': 1.5, 'ask_rate': 1.6}, 'September-2016': {'bid_rate': None, 'ask_rate': None}, 'August-2016': {'bid_rate': None, 'ask_rate': None}, 'July-2016': {'bid_rate': None, 'ask_rate': None}, 'June-2016': {'bid_rate': None, 'ask_rate': None}}","{'banks': 19.0, 'finance_companies': 34.0, 'offshore_banks': 6.0, 'microcredit_associations': 13.0, 'funds_transfer_companies': 10.0, 'other_institutions': 2.0, 'total': 84.0}"
NEJ,Auto Nejma,Consumer Services,2064.0,,-0.19,2.11,African Markets,https://www.african-markets.com/en/stock-markets/bvc/listed-companies,https://www.african-markets.com/listed-companies/company?code=NEJ,Casablanca Stock Exchange (BVC),Morocco,2025-07-18T15:39:33.739827,African Markets BVC,2025-07-18T15:39:33.743308,Small Cap,Consumer,{'EUR_MAD': 10.5303},"{'3 months': {'bid_rate': 1.59, 'ask_rate': 1.69}, '1 month': {'bid_rate': 1.56, 'ask_rate': 1.66}, '2 weeks': {'bid_rate': 1.54, 'ask_rate': 1.64}, '1 week': {'bid_rate': 1.52, 'ask_rate': 1.62}, 'Day to day': {'bid_rate': 1.5, 'ask_rate': 1.6}, 'September-2016': {'bid_rate': None, 'ask_rate': None}, 'August-2016': {'bid_rate': None, 'ask_rate': None}, 'July-2016': {'bid_rate': None, 'ask_rate': None}, 'June-2016': {'bid_rate': None, 'ask_rate': None}}","{'banks': 19.0, 'finance_companies': 34.0, 'offshore_banks': 6.0, 'microcredit_associations': 13.0, 'funds_transfer_companies': 10.0, 'other_institutions': 2.0, 'total': 84.0}"
BAL,Balima,Financials,230.0,,5.02,0.4,African Markets,https://www.african-markets.com/en/stock-markets/bvc/listed-companies,https://www.african-markets.com/listed-companies/company?code=BAL,Casablanca Stock Exchange (BVC),Morocco,2025-07-18T15:39:33.739868,African Markets BVC,2025-07-18T15:39:33.743309,Micro Cap,Financial Services,{'EUR_MAD': 10.5303},"{'3 months': {'bid_rate': 1.59, 'ask_rate': 1.69}, '1 month': {'bid_rate': 1.56, 'ask_rate': 1.66}, '2 weeks': {'bid_rate': 1.54, 'ask_rate': 1.64}, '1 week': {'bid_rate': 1.52, 'ask_rate': 1.62}, 'Day to day': {'bid_rate': 1.5, 'ask_rate': 1.6}, 'September-2016': {'bid_rate': None, 'ask_rate': None}, 'August-2016': {'bid_rate': None, 'ask_rate': None}, 'July-2016': {'bid_rate': None, 'ask_rate': None}, 'June-2016': {'bid_rate': None, 'ask_rate': None}}","{'banks': 19.0, 'finance_companies': 34.0, 'offshore_banks': 6.0, 'microcredit_associations': 13.0, 'funds_transfer_companies': 10.0, 'other_institutions': 2.0, 'total': 84.0}"
BCP,BCP,Financials,315.0,,14.55,64.04,African Markets,https://www.african-markets.com/en/stock-markets/bvc/listed-companies,https://www.african-markets.com/listed-companies/company?code=BCP,Casablanca Stock Exchange (BVC),Morocco,2025-07-18T15:39:33.739909,African Markets BVC,2025-07-18T15:39:33.743310,Large Cap,Financial Services,{'EUR_MAD': 10.5303},"{'3 months': {'bid_rate': 1.59, 'ask_rate': 1.69}, '1 month': {'bid_rate': 1.56, 'ask_rate': 1.66}, '2 weeks': {'bid_rate': 1.54, 'ask_rate': 1.64}, '1 week': {'bid_rate': 1.52, 'ask_rate': 1.62}, 'Day to day': {'bid_rate': 1.5, 'ask_rate': 1.6}, 'September-2016': {'bid_rate': None, 'ask_rate': None}, 'August-2016': {'bid_rate': None, 'ask_rate': None}, 'July-2016': {'bid_rate': None, 'ask_rate': None}, 'June-2016': {'bid_rate': None, 'ask_rate': None}}","{'banks': 19.0, 'finance_companies': 34.0, 'offshore_banks': 6.0, 'microcredit_associations': 13.0, 'funds_transfer_companies': 10.0, 'other_institutions': 2.0, 'total': 84.0}"
BOA,Bank of Africa (BMCE),Financials,268.85,1.95,31.15,56.12,African Markets,https://www.african-markets.com/en/stock-markets/bvc/listed-companies,https://www.african-markets.com/listed-companies/company?code=BOA,Casablanca Stock Exchange (BVC),Morocco,2025-07-18T15:39:33.739952,African Markets BVC,2025-07-18T15:39:33.743311,Large Cap,Financial Services,{'EUR_MAD': 10.5303},"{'3 months': {'bid_rate': 1.59, 'ask_rate': 1.69}, '1 month': {'bid_rate': 1.56, 'ask_rate': 1.66}, '2 weeks': {'bid_rate': 1.54, 'ask_rate': 1.64}, '1 week': {'bid_rate': 1.52, 'ask_rate': 1.62}, 'Day to day': {'bid_rate': 1.5, 'ask_rate': 1.6}, 'September-2016': {'bid_rate': None, 'ask_rate': None}, 'August-2016': {'bid_rate': None, 'ask_rate': None}, 'July-2016': {'bid_rate': None, 'ask_rate': None}, 'June-2016': {'bid_rate': None, 'ask_rate': None}}","{'banks': 19.0, 'finance_companies': 34.0, 'offshore_banks': 6.0, 'microcredit_associations': 13.0, 'funds_transfer_companies': 10.0, 'other_institutions': 2.0, 'total': 84.0}"
BCI,BMCI,Financials,579.0,1.76,-0.17,7.68,African Markets,https://www.african-markets.com/en/stock-markets/bvc/listed-companies,https://www.african-markets.com/listed-companies/company?code=BCI,Casablanca Stock Exchange (BVC),Morocco,2025-07-18T15:39:33.739995,African Markets BVC,2025-07-18T15:39:33.743312,Small Cap,Financial Services,{'EUR_MAD': 10.5303},"{'3 months': {'bid_rate': 1.59, 'ask_rate': 1.69}, '1 month': {'bid_rate': 1.56, 'ask_rate': 1.66}, '2 weeks': {'bid_rate': 1.54, 'ask_rate': 1.64}, '1 week': {'bid_rate': 1.52, 'ask_rate': 1.62}, 'Day to day': {'bid_rate': 1.5, 'ask_rate': 1.6}, 'September-2016': {'bid_rate': None, 'ask_rate': None}, 'August-2016': {'bid_rate': None, 'ask_rate': None}, 'July-2016': {'bid_rate': None, 'ask_rate': None}, 'June-2016': {'bid_rate': None, 'ask_rate': None}}","{'banks': 19.0, 'finance_companies': 34.0, 'offshore_banks': 6.0, 'microcredit_associations': 13.0, 'funds_transfer_companies': 10.0, 'other_institutions': 2.0, 'total': 84.0}"
SBM,Société des Boissons du Maroc,Consumer Goods,1966.0,-0.05,-16.69,5.56,African Markets,https://www.african-markets.com/en/stock-markets/bvc/listed-companies,https://www.african-markets.com/listed-companies/company?code=SBM,Casablanca Stock Exchange (BVC),Morocco,2025-07-18T15:39:33.740037,African Markets BVC,2025-07-18T15:39:33.743314,Small Cap,Consumer,{'EUR_MAD': 10.5303},"{'3 months': {'bid_rate': 1.59, 'ask_rate': 1.69}, '1 month': {'bid_rate': 1.56, 'ask_rate': 1.66}, '2 weeks': {'bid_rate': 1.54, 'ask_rate': 1.64}, '1 week': {'bid_rate': 1.52, 'ask_rate': 1.62}, 'Day to day': {'bid_rate': 1.5, 'ask_rate': 1.6}, 'September-2016': {'bid_rate': None, 'ask_rate': None}, 'August-2016': {'bid_rate': None, 'ask_rate': None}, 'July-2016': {'bid_rate': None, 'ask_rate': None}, 'June-2016': {'bid_rate': None, 'ask_rate': None}}","{'banks': 19.0, 'finance_companies': 34.0, 'offshore_banks': 6.0, 'microcredit_associations': 13.0, 'funds_transfer_companies': 10.0, 'other_institutions': 2.0, 'total': 84.0}"
CRS,Cartier Saada,Consumer Goods,39.88,-0.67,13.94,0.2,African Markets,https://www.african-markets.com/en/stock-markets/bvc/listed-companies,https://www.african-markets.com/listed-companies/company?code=CRS,Casablanca Stock Exchange (BVC),Morocco,2025-07-18T15:39:33.740080,African Markets BVC,2025-07-18T15:39:33.743315,Micro Cap,Consumer,{'EUR_MAD': 10.5303},"{'3 months': {'bid_rate': 1.59, 'ask_rate': 1.69}, '1 month': {'bid_rate': 1.56, 'ask_rate': 1.66}, '2 weeks': {'bid_rate': 1.54, 'ask_rate': 1.64}, '1 week': {'bid_rate': 1.52, 'ask_rate': 1.62}, 'Day to day': {'bid_rate': 1.5, 'ask_rate': 1.6}, 'September-2016': {'bid_rate': None, 'ask_rate': None}, 'August-2016': {'bid_rate': None, 'ask_rate': None}, 'July-2016': {'bid_rate': None, 'ask_rate': None}, 'June-2016': {'bid_rate': None, 'ask_rate': None}}","{'banks': 19.0, 'finance_companies': 34.0, 'offshore_banks': 6.0, 'microcredit_associations': 13.0, 'funds_transfer_companies': 10.0, 'other_institutions': 2.0, 'total': 84.0}"
CDM,Credit du Maroc,Financials,1030.0,,10.75,11.2,African Markets,https://www.african-markets.com/en/stock-markets/bvc/listed-companies,https://www.african-markets.com/listed-companies/company?code=CDM,Casablanca Stock Exchange (BVC),Morocco,2025-07-18T15:39:33.740119,African Markets BVC,2025-07-18T15:39:33.743316,Mid Cap,Financial Services,{'EUR_MAD': 10.5303},"{'3 months': {'bid_rate': 1.59, 'ask_rate': 1.69}, '1 month': {'bid_rate': 1.56, 'ask_rate': 1.66}, '2 weeks': {'bid_rate': 1.54, 'ask_rate': 1.64}, '1 week': {'bid_rate': 1.52, 'ask_rate': 1.62}, 'Day to day': {'bid_rate': 1.5, 'ask_rate': 1.6}, 'September-2016': {'bid_rate': None, 'ask_rate': None}, 'August-2016': {'bid_rate': None, 'ask_rate': None}, 'July-2016': {'bid_rate': None, 'ask_rate': None}, 'June-2016': {'bid_rate': None, 'ask_rate': None}}","{'banks': 19.0, 'finance_companies': 34.0, 'offshore_banks': 6.0, 'microcredit_associations': 13.0, 'funds_transfer_companies': 10.0, 'other_institutions': 2.0, 'total': 84.0}"
CIH,CIH Bank,Financials,410.1,0.51,3.82,12.51,African Markets,https://www.african-markets.com/en/stock-markets/bvc/listed-companies,https://www.african-markets.com/listed-companies/company?code=CIH,Casablanca Stock Exchange (BVC),Morocco,2025-07-18T15:39:33.740161,African Markets BVC,2025-07-18T15:39:33.743317,Mid Cap,Financial Services,{'EUR_MAD': 10.5303},"{'3 months': {'bid_rate': 1.59, 'ask_rate': 1.69}, '1 month': {'bid_rate': 1.56, 'ask_rate': 1.66}, '2 weeks': {'bid_rate': 1.54, 'ask_rate': 1.64}, '1 week': {'bid_rate': 1.52, 'ask_rate': 1.62}, 'Day to day': {'bid_rate': 1.5, 'ask_rate': 1.6}, 'September-2016': {'bid_rate': None, 'ask_rate': None}, 'August-2016': {'bid_rate': None, 'ask_rate': None}, 'July-2016': {'bid_rate': None, 'ask_rate': None}, 'June-2016': {'bid_rate': None, 'ask_rate': None}}","{'banks': 19.0, 'finance_companies': 34.0, 'offshore_banks': 6.0, 'microcredit_associations': 13.0, 'funds_transfer_companies': 10.0, 'other_institutions': 2.0, 'total': 84.0}"
CMA,Ciments du Maroc,Industrials,2060.0,-4.19,9.57,29.73,African Markets,https://www.african-markets.com/en/stock-markets/bvc/listed-companies,https://www.african-markets.com/listed-companies/company?code=CMA.MA,Casablanca Stock Exchange (BVC),Morocco,2025-07-18T15:39:33.740202,African Markets BVC,2025-07-18T15:39:33.743319,Mid Cap,Industrials,{'EUR_MAD': 10.5303},"{'3 months': {'bid_rate': 1.59, 'ask_rate': 1.69}, '1 month': {'bid_rate': 1.56, 'ask_rate': 1.66}, '2 weeks': {'bid_rate': 1.54, 'ask_rate': 1.64}, '1 week': {'bid_rate': 1.52, 'ask_rate': 1.62}, 'Day to day': {'bid_rate': 1.5, 'ask_rate': 1.6}, 'September-2016': {'bid_rate': None, 'ask_rate': None}, 'August-2016': {'bid_rate': None, 'ask_rate': None}, 'July-2016': {'bid_rate': None, 'ask_rate': None}, 'June-2016': {'bid_rate': None, 'ask_rate': None}}","{'banks': 19.0, 'finance_companies': 34.0, 'offshore_banks': 6.0, 'microcredit_associations': 13.0, 'funds_transfer_companies': 10.0, 'other_institutions': 2.0, 'total': 84.0}"
COL,Colorado,Basic Materials,62.2,1.95,11.07,1.0,African Markets,https://www.african-markets.com/en/stock-markets/bvc/listed-companies,https://www.african-markets.com/listed-companies/company?code=COL,Casablanca Stock Exchange (BVC),Morocco,2025-07-18T15:39:33.740243,African Markets BVC,2025-07-18T15:39:33.743320,Micro Cap,Other,{'EUR_MAD': 10.5303},"{'3 months': {'bid_rate': 1.59, 'ask_rate': 1.69}, '1 month': {'bid_rate': 1.56, 'ask_rate': 1.66}, '2 weeks': {'bid_rate': 1.54, 'ask_rate': 1.64}, '1 week': {'bid_rate': 1.52, 'ask_rate': 1.62}, 'Day to day': {'bid_rate': 1.5, 'ask_rate': 1.6}, 'September-2016': {'bid_rate': None, 'ask_rate': None}, 'August-2016': {'bid_rate': None, 'ask_rate': None}, 'July-2016': {'bid_rate': None, 'ask_rate': None}, 'June-2016': {'bid_rate': None, 'ask_rate': None}}","{'banks': 19.0, 'finance_companies': 34.0, 'offshore_banks': 6.0, 'microcredit_associations': 13.0, 'funds_transfer_companies': 10.0, 'other_institutions': 2.0, 'total': 84.0}"
CSR,Cosumar,Consumer Goods,266.0,2.31,40.0,25.13,African Markets,https://www.african-markets.com/en/stock-markets/bvc/listed-companies,https://www.african-markets.com/listed-companies/company?code=CSR,Casablanca Stock Exchange (BVC),Morocco,2025-07-18T15:39:33.740283,African Markets BVC,2025-07-18T15:39:33.743322,Mid Cap,Consumer,{'EUR_MAD': 10.5303},"{'3 months': {'bid_rate': 1.59, 'ask_rate': 1.69}, '1 month': {'bid_rate': 1.56, 'ask_rate': 1.66}, '2 weeks': {'bid_rate': 1.54, 'ask_rate': 1.64}, '1 week': {'bid_rate': 1.52, 'ask_rate': 1.62}, 'Day to day': {'bid_rate': 1.5, 'ask_rate': 1.6}, 'September-2016': {'bid_rate': None, 'ask_rate': None}, 'August-2016': {'bid_rate': None, 'ask_rate': None}, 'July-2016': {'bid_rate': None, 'ask_rate': None}, 'June-2016': {'bid_rate': None, 'ask_rate': None}}","{'banks': 19.0, 'finance_companies': 34.0, 'offshore_banks': 6.0, 'microcredit_associations': 13.0, 'funds_transfer_companies': 10.0, 'other_institutions': 2.0, 'total': 84.0}"
CTM,CTM,Consumer Services,926.0,0.64,-15.59,1.13,African Markets,https://www.african-markets.com/en/stock-markets/bvc/listed-companies,https://www.african-markets.com/listed-companies/company?code=CTM,Casablanca Stock Exchange (BVC),Morocco,2025-07-18T15:39:33.740323,African Markets BVC,2025-07-18T15:39:33.743323,Small Cap,Consumer,{'EUR_MAD': 10.5303},"{'3 months': {'bid_rate': 1.59, 'ask_rate': 1.69}, '1 month': {'bid_rate': 1.56, 'ask_rate': 1.66}, '2 weeks': {'bid_rate': 1.54, 'ask_rate': 1.64}, '1 week': {'bid_rate': 1.52, 'ask_rate': 1.62}, 'Day to day': {'bid_rate': 1.5, 'ask_rate': 1.6}, 'September-2016': {'bid_rate': None, 'ask_rate': None}, 'August-2016': {'bid_rate': None, 'ask_rate': None}, 'July-2016': {'bid_rate': None, 'ask_rate': None}, 'June-2016': {'bid_rate': None, 'ask_rate': None}}","{'banks': 19.0, 'finance_companies': 34.0, 'offshore_banks': 6.0, 'microcredit_associations': 13.0, 'funds_transfer_companies': 10.0, 'other_institutions': 2.0, 'total': 84.0}"
DARI,Dari Couspate,Consumer Goods,3989.0,,15.62,1.19,African Markets,https://www.african-markets.com/en/stock-markets/bvc/listed-companies,https://www.african-markets.com/listed-companies/company?code=DARI,Casablanca Stock Exchange (BVC),Morocco,2025-07-18T15:39:33.740366,African Markets BVC,2025-07-18T15:39:33.743324,Small Cap,Consumer,{'EUR_MAD': 10.5303},"{'3 months': {'bid_rate': 1.59, 'ask_rate': 1.69}, '1 month': {'bid_rate': 1.56, 'ask_rate': 1.66}, '2 weeks': {'bid_rate': 1.54, 'ask_rate': 1.64}, '1 week': {'bid_rate': 1.52, 'ask_rate': 1.62}, 'Day to day': {'bid_rate': 1.5, 'ask_rate': 1.6}, 'September-2016': {'bid_rate': None, 'ask_rate': None}, 'August-2016': {'bid_rate': None, 'ask_rate': None}, 'July-2016': {'bid_rate': None, 'ask_rate': None}, 'June-2016': {'bid_rate': None, 'ask_rate': None}}","{'banks': 19.0, 'finance_companies': 34.0, 'offshore_banks': 6.0, 'microcredit_associations': 13.0, 'funds_transfer_companies': 10.0, 'other_institutions': 2.0, 'total': 84.0}"
DLM,Delattre Levivier Maroc,Industrials,40.0,,,0.07,African Markets,https://www.african-markets.com/en/stock-markets/bvc/listed-companies,https://www.african-markets.com/listed-companies/company?code=DLM,Casablanca Stock Exchange (BVC),Morocco,2025-07-18T15:39:33.740405,African Markets BVC,2025-07-18T15:39:33.743326,Micro Cap,Industrials,{'EUR_MAD': 10.5303},"{'3 months': {'bid_rate': 1.59, 'ask_rate': 1.69}, '1 month': {'bid_rate': 1.56, 'ask_rate': 1.66}, '2 weeks': {'bid_rate': 1.54, 'ask_rate': 1.64}, '1 week': {'bid_rate': 1.52, 'ask_rate': 1.62}, 'Day to day': {'bid_rate': 1.5, 'ask_rate': 1.6}, 'September-2016': {'bid_rate': None, 'ask_rate': None}, 'August-2016': {'bid_rate': None, 'ask_rate': None}, 'July-2016': {'bid_rate': None, 'ask_rate': None}, 'June-2016': {'bid_rate': None, 'ask_rate': None}}","{'banks': 19.0, 'finance_companies': 34.0, 'offshore_banks': 6.0, 'microcredit_associations': 13.0, 'funds_transfer_companies': 10.0, 'other_institutions': 2.0, 'total': 84.0}"
DHO,Delta Holding,Industrials,81.0,-1.22,42.11,7.09,African Markets,https://www.african-markets.com/en/stock-markets/bvc/listed-companies,https://www.african-markets.com/listed-companies/company?code=DHO,Casablanca Stock Exchange (BVC),Morocco,2025-07-18T15:39:33.740451,African Markets BVC,2025-07-18T15:39:33.743327,Small Cap,Industrials,{'EUR_MAD': 10.5303},"{'3 months': {'bid_rate': 1.59, 'ask_rate': 1.69}, '1 month': {'bid_rate': 1.56, 'ask_rate': 1.66}, '2 weeks': {'bid_rate': 1.54, 'ask_rate': 1.64}, '1 week': {'bid_rate': 1.52, 'ask_rate': 1.62}, 'Day to day': {'bid_rate': 1.5, 'ask_rate': 1.6}, 'September-2016': {'bid_rate': None, 'ask_rate': None}, 'August-2016': {'bid_rate': None, 'ask_rate': None}, 'July-2016': {'bid_rate': None, 'ask_rate': None}, 'June-2016': {'bid_rate': None, 'ask_rate': None}}","{'banks': 19.0, 'finance_companies': 34.0, 'offshore_banks': 6.0, 'microcredit_associations': 13.0, 'funds_transfer_companies': 10.0, 'other_institutions': 2.0, 'total': 84.0}"
DIS,Diac Salaf,Financials,26.25,,,0.02,African Markets,https://www.african-markets.com/en/stock-markets/bvc/listed-companies,https://www.african-markets.com/listed-companies/company?code=DIS,Casablanca Stock Exchange (BVC),Morocco,2025-07-18T15:39:33.740493,African Markets BVC,2025-07-18T15:39:33.743328,Micro Cap,Financial Services,{'EUR_MAD': 10.5303},"{'3 months': {'bid_rate': 1.59, 'ask_rate': 1.69}, '1 month': {'bid_rate': 1.56, 'ask_rate': 1.66}, '2 weeks': {'bid_rate': 1.54, 'ask_rate': 1.64}, '1 week': {'bid_rate': 1.52, 'ask_rate': 1.62}, 'Day to day': {'bid_rate': 1.5, 'ask_rate': 1.6}, 'September-2016': {'bid_rate': None, 'ask_rate': None}, 'August-2016': {'bid_rate': None, 'ask_rate': None}, 'July-2016': {'bid_rate': None, 'ask_rate': None}, 'June-2016': {'bid_rate': None, 'ask_rate': None}}","{'banks': 19.0, 'finance_companies': 34.0, 'offshore_banks': 6.0, 'microcredit_associations': 13.0, 'funds_transfer_companies': 10.0, 'other_institutions': 2.0, 'total': 84.0}"
DWAY,Disway,Technology,732.0,1.39,14.73,1.38,African Markets,https://www.african-markets.com/en/stock-markets/bvc/listed-companies,https://www.african-markets.com/listed-companies/company?code=DWAY,Casablanca Stock Exchange (BVC),Morocco,2025-07-18T15:39:33.740537,African Markets BVC,2025-07-18T15:39:33.743329,Small Cap,Technology & Telecom,{'EUR_MAD': 10.5303},"{'3 months': {'bid_rate': 1.59, 'ask_rate': 1.69}, '1 month': {'bid_rate': 1.56, 'ask_rate': 1.66}, '2 weeks': {'bid_rate': 1.54, 'ask_rate': 1.64}, '1 week': {'bid_rate': 1.52, 'ask_rate': 1.62}, 'Day to day': {'bid_rate': 1.5, 'ask_rate': 1.6}, 'September-2016': {'bid_rate': None, 'ask_rate': None}, 'August-2016': {'bid_rate': None, 'ask_rate': None}, 'July-2016': {'bid_rate': None, 'ask_rate': None}, 'June-2016': {'bid_rate': None, 'ask_rate': None}}","{'banks': 19.0, 'finance_companies': 34.0, 'offshore_banks': 6.0, 'microcredit_associations': 13.0, 'funds_transfer_companies': 10.0, 'other_institutions': 2.0, 'total': 84.0}"
ADH,Douja Prom Addoha,Financials,36.9,2.5,-6.11,14.85,African Markets,https://www.african-markets.com/en/stock-markets/bvc/listed-companies,https://www.african-markets.com/listed-companies/company?code=ADH.MA,Casablanca Stock Exchange (BVC),Morocco,2025-07-18T15:39:33.740583,African Markets BVC,2025-07-18T15:39:33.743331,Mid Cap,Financial Services,{'EUR_MAD': 10.5303},"{'3 months': {'bid_rate': 1.59, 'ask_rate': 1.69}, '1 month': {'bid_rate': 1.56, 'ask_rate': 1.66}, '2 weeks': {'bid_rate': 1.54, 'ask_rate': 1.64}, '1 week': {'bid_rate': 1.52, 'ask_rate': 1.62}, 'Day to day': {'bid_rate': 1.5, 'ask_rate': 1.6}, 'September-2016': {'bid_rate': None, 'ask_rate': None}, 'August-2016': {'bid_rate': None, 'ask_rate': None}, 'July-2016': {'bid_rate': None, 'ask_rate': None}, 'June-2016': {'bid_rate': None, 'ask_rate': None}}","{'banks': 19.0, 'finance_companies': 34.0, 'offshore_banks': 6.0, 'microcredit_associations': 13.0, 'funds_transfer_companies': 10.0, 'other_institutions': 2.0, 'total': 84.0}"
NAKL,Ennakl,Consumer Services,32.9,0.46,-0.33,0.98,African Markets,https://www.african-markets.com/en/stock-markets/bvc/listed-companies,https://www.african-markets.com/listed-companies/company?code=NAKL,Casablanca Stock Exchange (BVC),Morocco,2025-07-18T15:39:33.740623,African Markets BVC,2025-07-18T15:39:33.743332,Micro Cap,Consumer,{'EUR_MAD': 10.5303},"{'3 months': {'bid_rate': 1.59, 'ask_rate': 1.69}, '1 month': {'bid_rate': 1.56, 'ask_rate': 1.66}, '2 weeks': {'bid_rate': 1.54, 'ask_rate': 1.64}, '1 week': {'bid_rate': 1.52, 'ask_rate': 1.62}, 'Day to day': {'bid_rate': 1.5, 'ask_rate': 1.6}, 'September-2016': {'bid_rate': None, 'ask_rate': None}, 'August-2016': {'bid_rate': None, 'ask_rate': None}, 'July-2016': {'bid_rate': None, 'ask_rate': None}, 'June-2016': {'bid_rate': None, 'ask_rate': None}}","{'banks': 19.0, 'finance_companies': 34.0, 'offshore_banks': 6.0, 'microcredit_associations': 13.0, 'funds_transfer_companies': 10.0, 'other_institutions': 2.0, 'total': 84.0}"
EQD,Eqdom,Financials,1110.0,-5.45,-8.94,1.85,African Markets,https://www.african-markets.com/en/stock-markets/bvc/listed-companies,https://www.african-markets.com/listed-companies/company?code=EQD,Casablanca Stock Exchange (BVC),Morocco,2025-07-18T15:39:33.740663,African Markets BVC,2025-07-18T15:39:33.743333,Small Cap,Financial Services,{'EUR_MAD': 10.5303},"{'3 months': {'bid_rate': 1.59, 'ask_rate': 1.69}, '1 month': {'bid_rate': 1.56, 'ask_rate': 1.66}, '2 weeks': {'bid_rate': 1.54, 'ask_rate': 1.64}, '1 week': {'bid_rate': 1.52, 'ask_rate': 1.62}, 'Day to day': {'bid_rate': 1.5, 'ask_rate': 1.6}, 'September-2016': {'bid_rate': None, 'ask_rate': None}, 'August-2016': {'bid_rate': None, 'ask_rate': None}, 'July-2016': {'bid_rate': None, 'ask_rate': None}, 'June-2016': {'bid_rate': None, 'ask_rate': None}}","{'banks': 19.0, 'finance_companies': 34.0, 'offshore_banks': 6.0, 'microcredit_associations': 13.0, 'funds_transfer_companies': 10.0, 'other_institutions': 2.0, 'total': 84.0}"
FBR,Fenie Brossette,Industrials,419.0,2.2,293.61,0.6,African Markets,https://www.african-markets.com/en/stock-markets/bvc/listed-companies,https://www.african-markets.com/listed-companies/company?code=FBR.MA,Casablanca Stock Exchange (BVC),Morocco,2025-07-18T15:39:33.740703,African Markets BVC,2025-07-18T15:39:33.743335,Micro Cap,Industrials,{'EUR_MAD': 10.5303},"{'3 months': {'bid_rate': 1.59, 'ask_rate': 1.69}, '1 month': {'bid_rate': 1.56, 'ask_rate': 1.66}, '2 weeks': {'bid_rate': 1.54, 'ask_rate': 1.64}, '1 week': {'bid_rate': 1.52, 'ask_rate': 1.62}, 'Day to day': {'bid_rate': 1.5, 'ask_rate': 1.6}, 'September-2016': {'bid_rate': None, 'ask_rate': None}, 'August-2016': {'bid_rate': None, 'ask_rate': None}, 'July-2016': {'bid_rate': None, 'ask_rate': None}, 'June-2016': {'bid_rate': None, 'ask_rate': None}}","{'banks': 19.0, 'finance_companies': 34.0, 'offshore_banks': 6.0, 'microcredit_associations': 13.0, 'funds_transfer_companies': 10.0, 'other_institutions': 2.0, 'total': 84.0}"
HOL,Holcim ( Maroc ),Industrials,,,,,African Markets,https://www.african-markets.com/en/stock-markets/bvc/listed-companies,https://www.african-markets.com/listed-companies/company?code=HOL,Casablanca Stock Exchange (BVC),Morocco,2025-07-18T15:39:33.740742,African Markets BVC,2025-07-18T15:39:33.743336,Unknown,Industrials,{'EUR_MAD': 10.5303},"{'3 months': {'bid_rate': 1.59, 'ask_rate': 1.69}, '1 month': {'bid_rate': 1.56, 'ask_rate': 1.66}, '2 weeks': {'bid_rate': 1.54, 'ask_rate': 1.64}, '1 week': {'bid_rate': 1.52, 'ask_rate': 1.62}, 'Day to day': {'bid_rate': 1.5, 'ask_rate': 1.6}, 'September-2016': {'bid_rate': None, 'ask_rate': None}, 'August-2016': {'bid_rate': None, 'ask_rate': None}, 'July-2016': {'bid_rate': None, 'ask_rate': None}, 'June-2016': {'bid_rate': None, 'ask_rate': None}}","{'banks': 19.0, 'finance_companies': 34.0, 'offshore_banks': 6.0, 'microcredit_associations': 13.0, 'funds_transfer_companies': 10.0, 'other_institutions': 2.0, 'total': 84.0}"
HPS,HPS,Technology,591.0,0.17,-2.64,4.37,African Markets,https://www.african-markets.com/en/stock-markets/bvc/listed-companies,https://www.african-markets.com/listed-companies/company?code=HPS,Casablanca Stock Exchange (BVC),Morocco,2025-07-18T15:39:33.740782,African Markets BVC,2025-07-18T15:39:33.743337,Small Cap,Technology & Telecom,{'EUR_MAD': 10.5303},"{'3 months': {'bid_rate': 1.59, 'ask_rate': 1.69}, '1 month': {'bid_rate': 1.56, 'ask_rate': 1.66}, '2 weeks': {'bid_rate': 1.54, 'ask_rate': 1.64}, '1 week': {'bid_rate': 1.52, 'ask_rate': 1.62}, 'Day to day': {'bid_rate': 1.5, 'ask_rate': 1.6}, 'September-2016': {'bid_rate': None, 'ask_rate': None}, 'August-2016': {'bid_rate': None, 'ask_rate': None}, 'July-2016': {'bid_rate': None, 'ask_rate': None}, 'June-2016': {'bid_rate': None, 'ask_rate': None}}","{'banks': 19.0, 'finance_companies': 34.0, 'offshore_banks': 6.0, 'microcredit_associations': 13.0, 'funds_transfer_companies': 10.0, 'other_institutions': 2.0, 'total': 84.0}"
IBMC,IB Maroc.Com,Technology,70.0,-0.28,100.46,0.02,African Markets,https://www.african-markets.com/en/stock-markets/bvc/listed-companies,https://www.african-markets.com/listed-companies/company?code=IBMC,Casablanca Stock Exchange (BVC),Morocco,2025-07-18T15:39:33.740823,African Markets BVC,2025-07-18T15:39:33.743339,Micro Cap,Technology & Telecom,{'EUR_MAD': 10.5303},"{'3 months': {'bid_rate': 1.59, 'ask_rate': 1.69}, '1 month': {'bid_rate': 1.56, 'ask_rate': 1.66}, '2 weeks': {'bid_rate': 1.54, 'ask_rate': 1.64}, '1 week': {'bid_rate': 1.52, 'ask_rate': 1.62}, 'Day to day': {'bid_rate': 1.5, 'ask_rate': 1.6}, 'September-2016': {'bid_rate': None, 'ask_rate': None}, 'August-2016': {'bid_rate': None, 'ask_rate': None}, 'July-2016': {'bid_rate': None, 'ask_rate': None}, 'June-2016': {'bid_rate': None, 'ask_rate': None}}","{'banks': 19.0, 'finance_companies': 34.0, 'offshore_banks': 6.0, 'microcredit_associations': 13.0, 'funds_transfer_companies': 10.0, 'other_institutions': 2.0, 'total': 84.0}"
INV,Involys,Technology,163.9,6.78,70.32,0.06,African Markets,https://www.african-markets.com/en/stock-markets/bvc/listed-companies,https://www.african-markets.com/listed-companies/company?code=INV,Casablanca Stock Exchange (BVC),Morocco,2025-07-18T15:39:33.740864,African Markets BVC,2025-07-18T15:39:33.743340,Micro Cap,Technology & Telecom,{'EUR_MAD': 10.5303},"{'3 months': {'bid_rate': 1.59, 'ask_rate': 1.69}, '1 month': {'bid_rate': 1.56, 'ask_rate': 1.66}, '2 weeks': {'bid_rate': 1.54, 'ask_rate': 1.64}, '1 week': {'bid_rate': 1.52, 'ask_rate': 1.62}, 'Day to day': {'bid_rate': 1.5, 'ask_rate': 1.6}, 'September-2016': {'bid_rate': None, 'ask_rate': None}, 'August-2016': {'bid_rate': None, 'ask_rate': None}, 'July-2016': {'bid_rate': None, 'ask_rate': None}, 'June-2016': {'bid_rate': None, 'ask_rate': None}}","{'banks': 19.0, 'finance_companies': 34.0, 'offshore_banks': 6.0, 'microcredit_associations': 13.0, 'funds_transfer_companies': 10.0, 'other_institutions': 2.0, 'total': 84.0}"
IAM,Maroc Telecom,Telecom,121.0,2.54,47.54,106.37,African Markets,https://www.african-markets.com/en/stock-markets/bvc/listed-companies,https://www.african-markets.com/listed-companies/company?code=IAM,Casablanca Stock Exchange (BVC),Morocco,2025-07-18T15:39:33.740903,African Markets BVC,2025-07-18T15:39:33.743341,Large Cap,Technology & Telecom,{'EUR_MAD': 10.5303},"{'3 months': {'bid_rate': 1.59, 'ask_rate': 1.69}, '1 month': {'bid_rate': 1.56, 'ask_rate': 1.66}, '2 weeks': {'bid_rate': 1.54, 'ask_rate': 1.64}, '1 week': {'bid_rate': 1.52, 'ask_rate': 1.62}, 'Day to day': {'bid_rate': 1.5, 'ask_rate': 1.6}, 'September-2016': {'bid_rate': None, 'ask_rate': None}, 'August-2016': {'bid_rate': None, 'ask_rate': None}, 'July-2016': {'bid_rate': None, 'ask_rate': None}, 'June-2016': {'bid_rate': None, 'ask_rate': None}}","{'banks': 19.0, 'finance_companies': 34.0, 'offshore_banks': 6.0, 'microcredit_associations': 13.0, 'funds_transfer_companies': 10.0, 'other_institutions': 2.0, 'total': 84.0}"
JET,Jet Contractors,Industrials,2200.0,3.29,16.4,6.66,African Markets,https://www.african-markets.com/en/stock-markets/bvc/listed-companies,https://www.african-markets.com/listed-companies/company?code=JET,Casablanca Stock Exchange (BVC),Morocco,2025-07-18T15:39:33.740944,African Markets BVC,2025-07-18T15:39:33.743343,Small Cap,Industrials,{'EUR_MAD': 10.5303},"{'3 months': {'bid_rate': 1.59, 'ask_rate': 1.69}, '1 month': {'bid_rate': 1.56, 'ask_rate': 1.66}, '2 weeks': {'bid_rate': 1.54, 'ask_rate': 1.64}, '1 week': {'bid_rate': 1.52, 'ask_rate': 1.62}, 'Day to day': {'bid_rate': 1.5, 'ask_rate': 1.6}, 'September-2016': {'bid_rate': None, 'ask_rate': None}, 'August-2016': {'bid_rate': None, 'ask_rate': None}, 'July-2016': {'bid_rate': None, 'ask_rate': None}, 'June-2016': {'bid_rate': None, 'ask_rate': None}}","{'banks': 19.0, 'finance_companies': 34.0, 'offshore_banks': 6.0, 'microcredit_associations': 13.0, 'funds_transfer_companies': 10.0, 'other_institutions': 2.0, 'total': 84.0}"
LBV,Label Vie,Consumer Services,4780.0,-3.61,13.81,13.83,African Markets,https://www.african-markets.com/en/stock-markets/bvc/listed-companies,https://www.african-markets.com/listed-companies/company?code=LBV,Casablanca Stock Exchange (BVC),Morocco,2025-07-18T15:39:33.740985,African Markets BVC,2025-07-18T15:39:33.743344,Mid Cap,Consumer,{'EUR_MAD': 10.5303},"{'3 months': {'bid_rate': 1.59, 'ask_rate': 1.69}, '1 month': {'bid_rate': 1.56, 'ask_rate': 1.66}, '2 weeks': {'bid_rate': 1.54, 'ask_rate': 1.64}, '1 week': {'bid_rate': 1.52, 'ask_rate': 1.62}, 'Day to day': {'bid_rate': 1.5, 'ask_rate': 1.6}, 'September-2016': {'bid_rate': None, 'ask_rate': None}, 'August-2016': {'bid_rate': None, 'ask_rate': None}, 'July-2016': {'bid_rate': None, 'ask_rate': None}, 'June-2016': {'bid_rate': None, 'ask_rate': None}}","{'banks': 19.0, 'finance_companies': 34.0, 'offshore_banks': 6.0, 'microcredit_associations': 13.0, 'funds_transfer_companies': 10.0, 'other_institutions': 2.0, 'total': 84.0}"
LHM,LafargeHolcim Maroc,Industrials,1960.0,0.05,1.29,45.92,African Markets,https://www.african-markets.com/en/stock-markets/bvc/listed-companies,https://www.african-markets.com/listed-companies/company?code=LHM,Casablanca Stock Exchange (BVC),Morocco,2025-07-18T15:39:33.741026,African Markets BVC,2025-07-18T15:39:33.743345,Mid Cap,Industrials,{'EUR_MAD': 10.5303},"{'3 months': {'bid_rate': 1.59, 'ask_rate': 1.69}, '1 month': {'bid_rate': 1.56, 'ask_rate': 1.66}, '2 weeks': {'bid_rate': 1.54, 'ask_rate': 1.64}, '1 week': {'bid_rate': 1.52, 'ask_rate': 1.62}, 'Day to day': {'bid_rate': 1.5, 'ask_rate': 1.6}, 'September-2016': {'bid_rate': None, 'ask_rate': None}, 'August-2016': {'bid_rate': None, 'ask_rate': None}, 'July-2016': {'bid_rate': None, 'ask_rate': None}, 'June-2016': {'bid_rate': None, 'ask_rate': None}}","{'banks': 19.0, 'finance_companies': 34.0, 'offshore_banks': 6.0, 'microcredit_associations': 13.0, 'funds_transfer_companies': 10.0, 'other_institutions': 2.0, 'total': 84.0}"
LES,Lesieur Cristal,Consumer Goods,283.9,2.4,-5.37,7.84,African Markets,https://www.african-markets.com/en/stock-markets/bvc/listed-companies,https://www.african-markets.com/listed-companies/company?code=LES,Casablanca Stock Exchange (BVC),Morocco,2025-07-18T15:39:33.741067,African Markets BVC,2025-07-18T15:39:33.743347,Small Cap,Consumer,{'EUR_MAD': 10.5303},"{'3 months': {'bid_rate': 1.59, 'ask_rate': 1.69}, '1 month': {'bid_rate': 1.56, 'ask_rate': 1.66}, '2 weeks': {'bid_rate': 1.54, 'ask_rate': 1.64}, '1 week': {'bid_rate': 1.52, 'ask_rate': 1.62}, 'Day to day': {'bid_rate': 1.5, 'ask_rate': 1.6}, 'September-2016': {'bid_rate': None, 'ask_rate': None}, 'August-2016': {'bid_rate': None, 'ask_rate': None}, 'July-2016': {'bid_rate': None, 'ask_rate': None}, 'June-2016': {'bid_rate': None, 'ask_rate': None}}","{'banks': 19.0, 'finance_companies': 34.0, 'offshore_banks': 6.0, 'microcredit_associations': 13.0, 'funds_transfer_companies': 10.0, 'other_institutions': 2.0, 'total': 84.0}"
M2M,M2M Group,Technology,492.2,-0.16,-6.96,0.31,African Markets,https://www.african-markets.com/en/stock-markets/bvc/listed-companies,https://www.african-markets.com/listed-companies/company?code=M2M,Casablanca Stock Exchange (BVC),Morocco,2025-07-18T15:39:33.741108,African Markets BVC,2025-07-18T15:39:33.743348,Micro Cap,Technology & Telecom,{'EUR_MAD': 10.5303},"{'3 months': {'bid_rate': 1.59, 'ask_rate': 1.69}, '1 month': {'bid_rate': 1.56, 'ask_rate': 1.66}, '2 weeks': {'bid_rate': 1.54, 'ask_rate': 1.64}, '1 week': {'bid_rate': 1.52, 'ask_rate': 1.62}, 'Day to day': {'bid_rate': 1.5, 'ask_rate': 1.6}, 'September-2016': {'bid_rate': None, 'ask_rate': None}, 'August-2016': {'bid_rate': None, 'ask_rate': None}, 'July-2016': {'bid_rate': None, 'ask_rate': None}, 'June-2016': {'bid_rate': None, 'ask_rate': None}}","{'banks': 19.0, 'finance_companies': 34.0, 'offshore_banks': 6.0, 'microcredit_associations': 13.0, 'funds_transfer_companies': 10.0, 'other_institutions': 2.0, 'total': 84.0}"
MOX,Maghreb Oxygene,Basic Materials,425.0,9.96,73.43,0.34,African Markets,https://www.african-markets.com/en/stock-markets/bvc/listed-companies,https://www.african-markets.com/listed-companies/company?code=MOX,Casablanca Stock Exchange (BVC),Morocco,2025-07-18T15:39:33.741148,African Markets BVC,2025-07-18T15:39:33.743349,Micro Cap,Other,{'EUR_MAD': 10.5303},"{'3 months': {'bid_rate': 1.59, 'ask_rate': 1.69}, '1 month': {'bid_rate': 1.56, 'ask_rate': 1.66}, '2 weeks': {'bid_rate': 1.54, 'ask_rate': 1.64}, '1 week': {'bid_rate': 1.52, 'ask_rate': 1.62}, 'Day to day': {'bid_rate': 1.5, 'ask_rate': 1.6}, 'September-2016': {'bid_rate': None, 'ask_rate': None}, 'August-2016': {'bid_rate': None, 'ask_rate': None}, 'July-2016': {'bid_rate': None, 'ask_rate': None}, 'June-2016': {'bid_rate': None, 'ask_rate': None}}","{'banks': 19.0, 'finance_companies': 34.0, 'offshore_banks': 6.0, 'microcredit_associations': 13.0, 'funds_transfer_companies': 10.0, 'other_institutions': 2.0, 'total': 84.0}"
MAB,Maghrebail,Financials,919.0,,2.11,1.27,African Markets,https://www.african-markets.com/en/stock-markets/bvc/listed-companies,https://www.african-markets.com/listed-companies/company?code=MAB,Casablanca Stock Exchange (BVC),Morocco,2025-07-18T15:39:33.741188,African Markets BVC,2025-07-18T15:39:33.743351,Small Cap,Financial Services,{'EUR_MAD': 10.5303},"{'3 months': {'bid_rate': 1.59, 'ask_rate': 1.69}, '1 month': {'bid_rate': 1.56, 'ask_rate': 1.66}, '2 weeks': {'bid_rate': 1.54, 'ask_rate': 1.64}, '1 week': {'bid_rate': 1.52, 'ask_rate': 1.62}, 'Day to day': {'bid_rate': 1.5, 'ask_rate': 1.6}, 'September-2016': {'bid_rate': None, 'ask_rate': None}, 'August-2016': {'bid_rate': None, 'ask_rate': None}, 'July-2016': {'bid_rate': None, 'ask_rate': None}, 'June-2016': {'bid_rate': None, 'ask_rate': None}}","{'banks': 19.0, 'finance_companies': 34.0, 'offshore_banks': 6.0, 'microcredit_associations': 13.0, 'funds_transfer_companies': 10.0, 'other_institutions': 2.0, 'total': 84.0}"
MNG,Managem,Basic Materials,5500.0,3.77,90.38,54.95,African Markets,https://www.african-markets.com/en/stock-markets/bvc/listed-companies,https://www.african-markets.com/listed-companies/company?code=MNG,Casablanca Stock Exchange (BVC),Morocco,2025-07-18T15:39:33.741228,African Markets BVC,2025-07-18T15:39:33.743352,Large Cap,Other,{'EUR_MAD': 10.5303},"{'3 months': {'bid_rate': 1.59, 'ask_rate': 1.69}, '1 month': {'bid_rate': 1.56, 'ask_rate': 1.66}, '2 weeks': {'bid_rate': 1.54, 'ask_rate': 1.64}, '1 week': {'bid_rate': 1.52, 'ask_rate': 1.62}, 'Day to day': {'bid_rate': 1.5, 'ask_rate': 1.6}, 'September-2016': {'bid_rate': None, 'ask_rate': None}, 'August-2016': {'bid_rate': None, 'ask_rate': None}, 'July-2016': {'bid_rate': None, 'ask_rate': None}, 'June-2016': {'bid_rate': None, 'ask_rate': None}}","{'banks': 19.0, 'finance_companies': 34.0, 'offshore_banks': 6.0, 'microcredit_associations': 13.0, 'funds_transfer_companies': 10.0, 'other_institutions': 2.0, 'total': 84.0}"
MLE,Maroc Leasing,Financials,365.0,,-1.35,1.01,African Markets,https://www.african-markets.com/en/stock-markets/bvc/listed-companies,https://www.african-markets.com/listed-companies/company?code=MLE,Casablanca Stock Exchange (BVC),Morocco,2025-07-18T15:39:33.741267,African Markets BVC,2025-07-18T15:39:33.743353,Small Cap,Financial Services,{'EUR_MAD': 10.5303},"{'3 months': {'bid_rate': 1.59, 'ask_rate': 1.69}, '1 month': {'bid_rate': 1.56, 'ask_rate': 1.66}, '2 weeks': {'bid_rate': 1.54, 'ask_rate': 1.64}, '1 week': {'bid_rate': 1.52, 'ask_rate': 1.62}, 'Day to day': {'bid_rate': 1.5, 'ask_rate': 1.6}, 'September-2016': {'bid_rate': None, 'ask_rate': None}, 'August-2016': {'bid_rate': None, 'ask_rate': None}, 'July-2016': {'bid_rate': None, 'ask_rate': None}, 'June-2016': {'bid_rate': None, 'ask_rate': None}}","{'banks': 19.0, 'finance_companies': 34.0, 'offshore_banks': 6.0, 'microcredit_associations': 13.0, 'funds_transfer_companies': 10.0, 'other_institutions': 2.0, 'total': 84.0}"
MDP,Med Paper,Basic Materials,28.8,5.73,40.28,0.13,African Markets,https://www.african-markets.com/en/stock-markets/bvc/listed-companies,https://www.african-markets.com/listed-companies/company?code=MDP.MA,Casablanca Stock Exchange (BVC),Morocco,2025-07-18T15:39:33.741308,African Markets BVC,2025-07-18T15:39:33.743354,Micro Cap,Other,{'EUR_MAD': 10.5303},"{'3 months': {'bid_rate': 1.59, 'ask_rate': 1.69}, '1 month': {'bid_rate': 1.56, 'ask_rate': 1.66}, '2 weeks': {'bid_rate': 1.54, 'ask_rate': 1.64}, '1 week': {'bid_rate': 1.52, 'ask_rate': 1.62}, 'Day to day': {'bid_rate': 1.5, 'ask_rate': 1.6}, 'September-2016': {'bid_rate': None, 'ask_rate': None}, 'August-2016': {'bid_rate': None, 'ask_rate': None}, 'July-2016': {'bid_rate': None, 'ask_rate': None}, 'June-2016': {'bid_rate': None, 'ask_rate': None}}","{'banks': 19.0, 'finance_companies': 34.0, 'offshore_banks': 6.0, 'microcredit_associations': 13.0, 'funds_transfer_companies': 10.0, 'other_institutions': 2.0, 'total': 84.0}"
MIC,Microdata,Technology,969.0,0.94,60.17,1.62,African Markets,https://www.african-markets.com/en/stock-markets/bvc/listed-companies,https://www.african-markets.com/listed-companies/company?code=MIC,Casablanca Stock Exchange (BVC),Morocco,2025-07-18T15:39:33.741350,African Markets BVC,2025-07-18T15:39:33.743356,Small Cap,Technology & Telecom,{'EUR_MAD': 10.5303},"{'3 months': {'bid_rate': 1.59, 'ask_rate': 1.69}, '1 month': {'bid_rate': 1.56, 'ask_rate': 1.66}, '2 weeks': {'bid_rate': 1.54, 'ask_rate': 1.64}, '1 week': {'bid_rate': 1.52, 'ask_rate': 1.62}, 'Day to day': {'bid_rate': 1.5, 'ask_rate': 1.6}, 'September-2016': {'bid_rate': None, 'ask_rate': None}, 'August-2016': {'bid_rate': None, 'ask_rate': None}, 'July-2016': {'bid_rate': None, 'ask_rate': None}, 'June-2016': {'bid_rate': None, 'ask_rate': None}}","{'banks': 19.0, 'finance_companies': 34.0, 'offshore_banks': 6.0, 'microcredit_associations': 13.0, 'funds_transfer_companies': 10.0, 'other_institutions': 2.0, 'total': 84.0}"
CMT,Miniere Touissit,Basic Materials,2379.0,2.41,47.22,3.99,African Markets,https://www.african-markets.com/en/stock-markets/bvc/listed-companies,https://www.african-markets.com/listed-companies/company?code=CMT,Casablanca Stock Exchange (BVC),Morocco,2025-07-18T15:39:33.741391,African Markets BVC,2025-07-18T15:39:33.743357,Small Cap,Other,{'EUR_MAD': 10.5303},"{'3 months': {'bid_rate': 1.59, 'ask_rate': 1.69}, '1 month': {'bid_rate': 1.56, 'ask_rate': 1.66}, '2 weeks': {'bid_rate': 1.54, 'ask_rate': 1.64}, '1 week': {'bid_rate': 1.52, 'ask_rate': 1.62}, 'Day to day': {'bid_rate': 1.5, 'ask_rate': 1.6}, 'September-2016': {'bid_rate': None, 'ask_rate': None}, 'August-2016': {'bid_rate': None, 'ask_rate': None}, 'July-2016': {'bid_rate': None, 'ask_rate': None}, 'June-2016': {'bid_rate': None, 'ask_rate': None}}","{'banks': 19.0, 'finance_companies': 34.0, 'offshore_banks': 6.0, 'microcredit_associations': 13.0, 'funds_transfer_companies': 10.0, 'other_institutions': 2.0, 'total': 84.0}"
OUL,Oulmes,Consumer Goods,1198.0,,-2.84,2.37,African Markets,https://www.african-markets.com/en/stock-markets/bvc/listed-companies,https://www.african-markets.com/listed-companies/company?code=OUL,Casablanca Stock Exchange (BVC),Morocco,2025-07-18T15:39:33.741431,African Markets BVC,2025-07-18T15:39:33.743358,Small Cap,Consumer,{'EUR_MAD': 10.5303},"{'3 months': {'bid_rate': 1.59, 'ask_rate': 1.69}, '1 month': {'bid_rate': 1.56, 'ask_rate': 1.66}, '2 weeks': {'bid_rate': 1.54, 'ask_rate': 1.64}, '1 week': {'bid_rate': 1.52, 'ask_rate': 1.62}, 'Day to day': {'bid_rate': 1.5, 'ask_rate': 1.6}, 'September-2016': {'bid_rate': None, 'ask_rate': None}, 'August-2016': {'bid_rate': None, 'ask_rate': None}, 'July-2016': {'bid_rate': None, 'ask_rate': None}, 'June-2016': {'bid_rate': None, 'ask_rate': None}}","{'banks': 19.0, 'finance_companies': 34.0, 'offshore_banks': 6.0, 'microcredit_associations': 13.0, 'funds_transfer_companies': 10.0, 'other_institutions': 2.0, 'total': 84.0}"
PRO,Promopharm S.A.,Health Care,1099.0,,15.68,1.09,African Markets,https://www.african-markets.com/en/stock-markets/bvc/listed-companies,https://www.african-markets.com/listed-companies/company?code=PRO,Casablanca Stock Exchange (BVC),Morocco,2025-07-18T15:39:33.741473,African Markets BVC,2025-07-18T15:39:33.743359,Small Cap,Other,{'EUR_MAD': 10.5303},"{'3 months': {'bid_rate': 1.59, 'ask_rate': 1.69}, '1 month': {'bid_rate': 1.56, 'ask_rate': 1.66}, '2 weeks': {'bid_rate': 1.54, 'ask_rate': 1.64}, '1 week': {'bid_rate': 1.52, 'ask_rate': 1.62}, 'Day to day': {'bid_rate': 1.5, 'ask_rate': 1.6}, 'September-2016': {'bid_rate': None, 'ask_rate': None}, 'August-2016': {'bid_rate': None, 'ask_rate': None}, 'July-2016': {'bid_rate': None, 'ask_rate': None}, 'June-2016': {'bid_rate': None, 'ask_rate': None}}","{'banks': 19.0, 'finance_companies': 34.0, 'offshore_banks': 6.0, 'microcredit_associations': 13.0, 'funds_transfer_companies': 10.0, 'other_institutions': 2.0, 'total': 84.0}"
SRM,Realis. Mecaniques (SRM),Industrials,519.0,1.57,29.75,0.16,African Markets,https://www.african-markets.com/en/stock-markets/bvc/listed-companies,https://www.african-markets.com/listed-companies/company?code=SRM,Casablanca Stock Exchange (BVC),Morocco,2025-07-18T15:39:33.741516,African Markets BVC,2025-07-18T15:39:33.743361,Micro Cap,Industrials,{'EUR_MAD': 10.5303},"{'3 months': {'bid_rate': 1.59, 'ask_rate': 1.69}, '1 month': {'bid_rate': 1.56, 'ask_rate': 1.66}, '2 weeks': {'bid_rate': 1.54, 'ask_rate': 1.64}, '1 week': {'bid_rate': 1.52, 'ask_rate': 1.62}, 'Day to day': {'bid_rate': 1.5, 'ask_rate': 1.6}, 'September-2016': {'bid_rate': None, 'ask_rate': None}, 'August-2016': {'bid_rate': None, 'ask_rate': None}, 'July-2016': {'bid_rate': None, 'ask_rate': None}, 'June-2016': {'bid_rate': None, 'ask_rate': None}}","{'banks': 19.0, 'finance_companies': 34.0, 'offshore_banks': 6.0, 'microcredit_associations': 13.0, 'funds_transfer_companies': 10.0, 'other_institutions': 2.0, 'total': 84.0}"
REB,Rebab Company,Basic Materials,100.0,,,0.01,African Markets,https://www.african-markets.com/en/stock-markets/bvc/listed-companies,https://www.african-markets.com/listed-companies/company?code=REB,Casablanca Stock Exchange (BVC),Morocco,2025-07-18T15:39:33.741561,African Markets BVC,2025-07-18T15:39:33.743362,Micro Cap,Other,{'EUR_MAD': 10.5303},"{'3 months': {'bid_rate': 1.59, 'ask_rate': 1.69}, '1 month': {'bid_rate': 1.56, 'ask_rate': 1.66}, '2 weeks': {'bid_rate': 1.54, 'ask_rate': 1.64}, '1 week': {'bid_rate': 1.52, 'ask_rate': 1.62}, 'Day to day': {'bid_rate': 1.5, 'ask_rate': 1.6}, 'September-2016': {'bid_rate': None, 'ask_rate': None}, 'August-2016': {'bid_rate': None, 'ask_rate': None}, 'July-2016': {'bid_rate': None, 'ask_rate': None}, 'June-2016': {'bid_rate': None, 'ask_rate': None}}","{'banks': 19.0, 'finance_companies': 34.0, 'offshore_banks': 6.0, 'microcredit_associations': 13.0, 'funds_transfer_companies': 10.0, 'other_institutions': 2.0, 'total': 84.0}"
RDS,Residences Dar Saada,Financials,142.2,1.32,89.1,3.72,African Markets,https://www.african-markets.com/en/stock-markets/bvc/listed-companies,https://www.african-markets.com/listed-companies/company?code=RDS,Casablanca Stock Exchange (BVC),Morocco,2025-07-18T15:39:33.741601,African Markets BVC,2025-07-18T15:39:33.743363,Small Cap,Financial Services,{'EUR_MAD': 10.5303},"{'3 months': {'bid_rate': 1.59, 'ask_rate': 1.69}, '1 month': {'bid_rate': 1.56, 'ask_rate': 1.66}, '2 weeks': {'bid_rate': 1.54, 'ask_rate': 1.64}, '1 week': {'bid_rate': 1.52, 'ask_rate': 1.62}, 'Day to day': {'bid_rate': 1.5, 'ask_rate': 1.6}, 'September-2016': {'bid_rate': None, 'ask_rate': None}, 'August-2016': {'bid_rate': None, 'ask_rate': None}, 'July-2016': {'bid_rate': None, 'ask_rate': None}, 'June-2016': {'bid_rate': None, 'ask_rate': None}}","{'banks': 19.0, 'finance_companies': 34.0, 'offshore_banks': 6.0, 'microcredit_associations': 13.0, 'funds_transfer_companies': 10.0, 'other_institutions': 2.0, 'total': 84.0}"
RIS,Risma,Consumer Services,367.0,4.86,63.8,5.25,African Markets,https://www.african-markets.com/en/stock-markets/bvc/listed-companies,https://www.african-markets.com/listed-companies/company?code=RIS,Casablanca Stock Exchange (BVC),Morocco,2025-07-18T15:39:33.741646,African Markets BVC,2025-07-18T15:39:33.743365,Small Cap,Consumer,{'EUR_MAD': 10.5303},"{'3 months': {'bid_rate': 1.59, 'ask_rate': 1.69}, '1 month': {'bid_rate': 1.56, 'ask_rate': 1.66}, '2 weeks': {'bid_rate': 1.54, 'ask_rate': 1.64}, '1 week': {'bid_rate': 1.52, 'ask_rate': 1.62}, 'Day to day': {'bid_rate': 1.5, 'ask_rate': 1.6}, 'September-2016': {'bid_rate': None, 'ask_rate': None}, 'August-2016': {'bid_rate': None, 'ask_rate': None}, 'July-2016': {'bid_rate': None, 'ask_rate': None}, 'June-2016': {'bid_rate': None, 'ask_rate': None}}","{'banks': 19.0, 'finance_companies': 34.0, 'offshore_banks': 6.0, 'microcredit_associations': 13.0, 'funds_transfer_companies': 10.0, 'other_institutions': 2.0, 'total': 84.0}"
S2M,S.M Monetique,Technology,600.0,3.45,155.32,0.48,African Markets,https://www.african-markets.com/en/stock-markets/bvc/listed-companies,https://www.african-markets.com/listed-companies/company?code=S2M,Casablanca Stock Exchange (BVC),Morocco,2025-07-18T15:39:33.741687,African Markets BVC,2025-07-18T15:39:33.743366,Micro Cap,Technology & Telecom,{'EUR_MAD': 10.5303},"{'3 months': {'bid_rate': 1.59, 'ask_rate': 1.69}, '1 month': {'bid_rate': 1.56, 'ask_rate': 1.66}, '2 weeks': {'bid_rate': 1.54, 'ask_rate': 1.64}, '1 week': {'bid_rate': 1.52, 'ask_rate': 1.62}, 'Day to day': {'bid_rate': 1.5, 'ask_rate': 1.6}, 'September-2016': {'bid_rate': None, 'ask_rate': None}, 'August-2016': {'bid_rate': None, 'ask_rate': None}, 'July-2016': {'bid_rate': None, 'ask_rate': None}, 'June-2016': {'bid_rate': None, 'ask_rate': None}}","{'banks': 19.0, 'finance_companies': 34.0, 'offshore_banks': 6.0, 'microcredit_associations': 13.0, 'funds_transfer_companies': 10.0, 'other_institutions': 2.0, 'total': 84.0}"
SAHM,Sanlam Maroc,Financials,1865.0,-6.75,1.97,7.67,African Markets,https://www.african-markets.com/en/stock-markets/bvc/listed-companies,https://www.african-markets.com/listed-companies/company?code=SAHM,Casablanca Stock Exchange (BVC),Morocco,2025-07-18T15:39:33.741727,African Markets BVC,2025-07-18T15:39:33.743367,Small Cap,Financial Services,{'EUR_MAD': 10.5303},"{'3 months': {'bid_rate': 1.59, 'ask_rate': 1.69}, '1 month': {'bid_rate': 1.56, 'ask_rate': 1.66}, '2 weeks': {'bid_rate': 1.54, 'ask_rate': 1.64}, '1 week': {'bid_rate': 1.52, 'ask_rate': 1.62}, 'Day to day': {'bid_rate': 1.5, 'ask_rate': 1.6}, 'September-2016': {'bid_rate': None, 'ask_rate': None}, 'August-2016': {'bid_rate': None, 'ask_rate': None}, 'July-2016': {'bid_rate': None, 'ask_rate': None}, 'June-2016': {'bid_rate': None, 'ask_rate': None}}","{'banks': 19.0, 'finance_companies': 34.0, 'offshore_banks': 6.0, 'microcredit_associations': 13.0, 'funds_transfer_companies': 10.0, 'other_institutions': 2.0, 'total': 84.0}"
SLF,Salafin,Financials,624.0,1.3,13.87,1.94,African Markets,https://www.african-markets.com/en/stock-markets/bvc/listed-companies,https://www.african-markets.com/listed-companies/company?code=SLF,Casablanca Stock Exchange (BVC),Morocco,2025-07-18T15:39:33.741768,African Markets BVC,2025-07-18T15:39:33.743368,Small Cap,Financial Services,{'EUR_MAD': 10.5303},"{'3 months': {'bid_rate': 1.59, 'ask_rate': 1.69}, '1 month': {'bid_rate': 1.56, 'ask_rate': 1.66}, '2 weeks': {'bid_rate': 1.54, 'ask_rate': 1.64}, '1 week': {'bid_rate': 1.52, 'ask_rate': 1.62}, 'Day to day': {'bid_rate': 1.5, 'ask_rate': 1.6}, 'September-2016': {'bid_rate': None, 'ask_rate': None}, 'August-2016': {'bid_rate': None, 'ask_rate': None}, 'July-2016': {'bid_rate': None, 'ask_rate': None}, 'June-2016': {'bid_rate': None, 'ask_rate': None}}","{'banks': 19.0, 'finance_companies': 34.0, 'offshore_banks': 6.0, 'microcredit_associations': 13.0, 'funds_transfer_companies': 10.0, 'other_institutions': 2.0, 'total': 84.0}"
SAM.TN,Samir,Oil & Gas,127.8,,,1.52,African Markets,https://www.african-markets.com/en/stock-markets/bvc/listed-companies,https://www.african-markets.com/listed-companies/company?code=SAM.TN,Casablanca Stock Exchange (BVC),Morocco,2025-07-18T15:39:33.741809,African Markets BVC,2025-07-18T15:39:33.743370,Small Cap,Energy,{'EUR_MAD': 10.5303},"{'3 months': {'bid_rate': 1.59, 'ask_rate': 1.69}, '1 month': {'bid_rate': 1.56, 'ask_rate': 1.66}, '2 weeks': {'bid_rate': 1.54, 'ask_rate': 1.64}, '1 week': {'bid_rate': 1.52, 'ask_rate': 1.62}, 'Day to day': {'bid_rate': 1.5, 'ask_rate': 1.6}, 'September-2016': {'bid_rate': None, 'ask_rate': None}, 'August-2016': {'bid_rate': None, 'ask_rate': None}, 'July-2016': {'bid_rate': None, 'ask_rate': None}, 'June-2016': {'bid_rate': None, 'ask_rate': None}}","{'banks': 19.0, 'finance_companies': 34.0, 'offshore_banks': 6.0, 'microcredit_associations': 13.0, 'funds_transfer_companies': 10.0, 'other_institutions': 2.0, 'total': 84.0}"
SMI,SMI,Basic Materials,2490.0,-0.28,26.33,4.09,African Markets,https://www.african-markets.com/en/stock-markets/bvc/listed-companies,https://www.african-markets.com/listed-companies/company?code=SMI,Casablanca Stock Exchange (BVC),Morocco,2025-07-18T15:39:33.741850,African Markets BVC,2025-07-18T15:39:33.743371,Small Cap,Other,{'EUR_MAD': 10.5303},"{'3 months': {'bid_rate': 1.59, 'ask_rate': 1.69}, '1 month': {'bid_rate': 1.56, 'ask_rate': 1.66}, '2 weeks': {'bid_rate': 1.54, 'ask_rate': 1.64}, '1 week': {'bid_rate': 1.52, 'ask_rate': 1.62}, 'Day to day': {'bid_rate': 1.5, 'ask_rate': 1.6}, 'September-2016': {'bid_rate': None, 'ask_rate': None}, 'August-2016': {'bid_rate': None, 'ask_rate': None}, 'July-2016': {'bid_rate': None, 'ask_rate': None}, 'June-2016': {'bid_rate': None, 'ask_rate': None}}","{'banks': 19.0, 'finance_companies': 34.0, 'offshore_banks': 6.0, 'microcredit_associations': 13.0, 'funds_transfer_companies': 10.0, 'other_institutions': 2.0, 'total': 84.0}"
SNP,SNEP,Basic Materials,690.0,2.99,15.97,1.65,African Markets,https://www.african-markets.com/en/stock-markets/bvc/listed-companies,https://www.african-markets.com/listed-companies/company?code=SNP,Casablanca Stock Exchange (BVC),Morocco,2025-07-18T15:39:33.741891,African Markets BVC,2025-07-18T15:39:33.743372,Small Cap,Other,{'EUR_MAD': 10.5303},"{'3 months': {'bid_rate': 1.59, 'ask_rate': 1.69}, '1 month': {'bid_rate': 1.56, 'ask_rate': 1.66}, '2 weeks': {'bid_rate': 1.54, 'ask_rate': 1.64}, '1 week': {'bid_rate': 1.52, 'ask_rate': 1.62}, 'Day to day': {'bid_rate': 1.5, 'ask_rate': 1.6}, 'September-2016': {'bid_rate': None, 'ask_rate': None}, 'August-2016': {'bid_rate': None, 'ask_rate': None}, 'July-2016': {'bid_rate': None, 'ask_rate': None}, 'June-2016': {'bid_rate': None, 'ask_rate': None}}","{'banks': 19.0, 'finance_companies': 34.0, 'offshore_banks': 6.0, 'microcredit_associations': 13.0, 'funds_transfer_companies': 10.0, 'other_institutions': 2.0, 'total': 84.0}"
SID,Sonasid,Basic Materials,2400.0,-0.83,143.93,9.36,African Markets,https://www.african-markets.com/en/stock-markets/bvc/listed-companies,https://www.african-markets.com/listed-companies/company?code=SID,Casablanca Stock Exchange (BVC),Morocco,2025-07-18T15:39:33.741932,African Markets BVC,2025-07-18T15:39:33.743374,Small Cap,Other,{'EUR_MAD': 10.5303},"{'3 months': {'bid_rate': 1.59, 'ask_rate': 1.69}, '1 month': {'bid_rate': 1.56, 'ask_rate': 1.66}, '2 weeks': {'bid_rate': 1.54, 'ask_rate': 1.64}, '1 week': {'bid_rate': 1.52, 'ask_rate': 1.62}, 'Day to day': {'bid_rate': 1.5, 'ask_rate': 1.6}, 'September-2016': {'bid_rate': None, 'ask_rate': None}, 'August-2016': {'bid_rate': None, 'ask_rate': None}, 'July-2016': {'bid_rate': None, 'ask_rate': None}, 'June-2016': {'bid_rate': None, 'ask_rate': None}}","{'banks': 19.0, 'finance_companies': 34.0, 'offshore_banks': 6.0, 'microcredit_associations': 13.0, 'funds_transfer_companies': 10.0, 'other_institutions': 2.0, 'total': 84.0}"
SOT,Sothema,Health Care,1810.0,9.56,95.68,13.03,African Markets,https://www.african-markets.com/en/stock-markets/bvc/listed-companies,https://www.african-markets.com/listed-companies/company?code=SOT,Casablanca Stock Exchange (BVC),Morocco,2025-07-18T15:39:33.741970,African Markets BVC,2025-07-18T15:39:33.743375,Mid Cap,Other,{'EUR_MAD': 10.5303},"{'3 months': {'bid_rate': 1.59, 'ask_rate': 1.69}, '1 month': {'bid_rate': 1.56, 'ask_rate': 1.66}, '2 weeks': {'bid_rate': 1.54, 'ask_rate': 1.64}, '1 week': {'bid_rate': 1.52, 'ask_rate': 1.62}, 'Day to day': {'bid_rate': 1.5, 'ask_rate': 1.6}, 'September-2016': {'bid_rate': None, 'ask_rate': None}, 'August-2016': {'bid_rate': None, 'ask_rate': None}, 'July-2016': {'bid_rate': None, 'ask_rate': None}, 'June-2016': {'bid_rate': None, 'ask_rate': None}}","{'banks': 19.0, 'finance_companies': 34.0, 'offshore_banks': 6.0, 'microcredit_associations': 13.0, 'funds_transfer_companies': 10.0, 'other_institutions': 2.0, 'total': 84.0}"
SNA,Stokvis Nord Afrique,Industrials,63.1,3.43,285.46,0.58,African Markets,https://www.african-markets.com/en/stock-markets/bvc/listed-companies,https://www.african-markets.com/listed-companies/company?code=SNA,Casablanca Stock Exchange (BVC),Morocco,2025-07-18T15:39:33.742009,African Markets BVC,2025-07-18T15:39:33.743376,Micro Cap,Industrials,{'EUR_MAD': 10.5303},"{'3 months': {'bid_rate': 1.59, 'ask_rate': 1.69}, '1 month': {'bid_rate': 1.56, 'ask_rate': 1.66}, '2 weeks': {'bid_rate': 1.54, 'ask_rate': 1.64}, '1 week': {'bid_rate': 1.52, 'ask_rate': 1.62}, 'Day to day': {'bid_rate': 1.5, 'ask_rate': 1.6}, 'September-2016': {'bid_rate': None, 'ask_rate': None}, 'August-2016': {'bid_rate': None, 'ask_rate': None}, 'July-2016': {'bid_rate': None, 'ask_rate': None}, 'June-2016': {'bid_rate': None, 'ask_rate': None}}","{'banks': 19.0, 'finance_companies': 34.0, 'offshore_banks': 6.0, 'microcredit_associations': 13.0, 'funds_transfer_companies': 10.0, 'other_institutions': 2.0, 'total': 84.0}"
STR,Stroc Industrie,Industrials,212.8,2.31,406.06,0.26,African Markets,https://www.african-markets.com/en/stock-markets/bvc/listed-companies,https://www.african-markets.com/listed-companies/company?code=STR,Casablanca Stock Exchange (BVC),Morocco,2025-07-18T15:39:33.742049,African Markets BVC,2025-07-18T15:39:33.743378,Micro Cap,Industrials,{'EUR_MAD': 10.5303},"{'3 months': {'bid_rate': 1.59, 'ask_rate': 1.69}, '1 month': {'bid_rate': 1.56, 'ask_rate': 1.66}, '2 weeks': {'bid_rate': 1.54, 'ask_rate': 1.64}, '1 week': {'bid_rate': 1.52, 'ask_rate': 1.62}, 'Day to day': {'bid_rate': 1.5, 'ask_rate': 1.6}, 'September-2016': {'bid_rate': None, 'ask_rate': None}, 'August-2016': {'bid_rate': None, 'ask_rate': None}, 'July-2016': {'bid_rate': None, 'ask_rate': None}, 'June-2016': {'bid_rate': None, 'ask_rate': None}}","{'banks': 19.0, 'finance_companies': 34.0, 'offshore_banks': 6.0, 'microcredit_associations': 13.0, 'funds_transfer_companies': 10.0, 'other_institutions': 2.0, 'total': 84.0}"
TQM,Taqa Morocco,Utilities,2985.0,1.19,122.76,70.41,African Markets,https://www.african-markets.com/en/stock-markets/bvc/listed-companies,https://www.african-markets.com/listed-companies/company?code=TQM,Casablanca Stock Exchange (BVC),Morocco,2025-07-18T15:39:33.742091,African Markets BVC,2025-07-18T15:39:33.743379,Large Cap,Other,{'EUR_MAD': 10.5303},"{'3 months': {'bid_rate': 1.59, 'ask_rate': 1.69}, '1 month': {'bid_rate': 1.56, 'ask_rate': 1.66}, '2 weeks': {'bid_rate': 1.54, 'ask_rate': 1.64}, '1 week': {'bid_rate': 1.52, 'ask_rate': 1.62}, 'Day to day': {'bid_rate': 1.5, 'ask_rate': 1.6}, 'September-2016': {'bid_rate': None, 'ask_rate': None}, 'August-2016': {'bid_rate': None, 'ask_rate': None}, 'July-2016': {'bid_rate': None, 'ask_rate': None}, 'June-2016': {'bid_rate': None, 'ask_rate': None}}","{'banks': 19.0, 'finance_companies': 34.0, 'offshore_banks': 6.0, 'microcredit_associations': 13.0, 'funds_transfer_companies': 10.0, 'other_institutions': 2.0, 'total': 84.0}"
TMA,TotalEnergies Marketing Maroc,Oil & Gas,1720.0,5.52,14.67,15.41,African Markets,https://www.african-markets.com/en/stock-markets/bvc/listed-companies,https://www.african-markets.com/listed-companies/company?code=TMA,Casablanca Stock Exchange (BVC),Morocco,2025-07-18T15:39:33.742131,African Markets BVC,2025-07-18T15:39:33.743382,Mid Cap,Energy,{'EUR_MAD': 10.5303},"{'3 months': {'bid_rate': 1.59, 'ask_rate': 1.69}, '1 month': {'bid_rate': 1.56, 'ask_rate': 1.66}, '2 weeks': {'bid_rate': 1.54, 'ask_rate': 1.64}, '1 week': {'bid_rate': 1.52, 'ask_rate': 1.62}, 'Day to day': {'bid_rate': 1.5, 'ask_rate': 1.6}, 'September-2016': {'bid_rate': None, 'ask_rate': None}, 'August-2016': {'bid_rate': None, 'ask_rate': None}, 'July-2016': {'bid_rate': None, 'ask_rate': None}, 'June-2016': {'bid_rate': None, 'ask_rate': None}}","{'banks': 19.0, 'finance_companies': 34.0, 'offshore_banks': 6.0, 'microcredit_associations': 13.0, 'funds_transfer_companies': 10.0, 'other_institutions': 2.0, 'total': 84.0}"
UMR,Unimer,Consumer Goods,164.0,2.5,-3.53,1.87,African Markets,https://www.african-markets.com/en/stock-markets/bvc/listed-companies,https://www.african-markets.com/listed-companies/company?code=UMR,Casablanca Stock Exchange (BVC),Morocco,2025-07-18T15:39:33.742171,African Markets BVC,2025-07-18T15:39:33.743384,Small Cap,Consumer,{'EUR_MAD': 10.5303},"{'3 months': {'bid_rate': 1.59, 'ask_rate': 1.69}, '1 month': {'bid_rate': 1.56, 'ask_rate': 1.66}, '2 weeks': {'bid_rate': 1.54, 'ask_rate': 1.64}, '1 week': {'bid_rate': 1.52, 'ask_rate': 1.62}, 'Day to day': {'bid_rate': 1.5, 'ask_rate': 1.6}, 'September-2016': {'bid_rate': None, 'ask_rate': None}, 'August-2016': {'bid_rate': None, 'ask_rate': None}, 'July-2016': {'bid_rate': None, 'ask_rate': None}, 'June-2016': {'bid_rate': None, 'ask_rate': None}}","{'banks': 19.0, 'finance_companies': 34.0, 'offshore_banks': 6.0, 'microcredit_associations': 13.0, 'funds_transfer_companies': 10.0, 'other_institutions': 2.0, 'total': 84.0}"
WAA,Wafa Assurance,Financials,5319.0,-0.47,19.26,18.61,African Markets,https://www.african-markets.com/en/stock-markets/bvc/listed-companies,https://www.african-markets.com/listed-companies/company?code=WAA,Casablanca Stock Exchange (BVC),Morocco,2025-07-18T15:39:33.742211,African Markets BVC,2025-07-18T15:39:33.743385,Mid Cap,Financial Services,{'EUR_MAD': 10.5303},"{'3 months': {'bid_rate': 1.59, 'ask_rate': 1.69}, '1 month': {'bid_rate': 1.56, 'ask_rate': 1.66}, '2 weeks': {'bid_rate': 1.54, 'ask_rate': 1.64}, '1 week': {'bid_rate': 1.52, 'ask_rate': 1.62}, 'Day to day': {'bid_rate': 1.5, 'ask_rate': 1.6}, 'September-2016': {'bid_rate': None, 'ask_rate': None}, 'August-2016': {'bid_rate': None, 'ask_rate': None}, 'July-2016': {'bid_rate': None, 'ask_rate': None}, 'June-2016': {'bid_rate': None, 'ask_rate': None}}","{'banks': 19.0, 'finance_companies': 34.0, 'offshore_banks': 6.0, 'microcredit_associations': 13.0, 'funds_transfer_companies': 10.0, 'other_institutions': 2.0, 'total': 84.0}"
ZDJ,Zellidja S.A,Basic Materials,295.2,-5.99,189.41,0.16,African Markets,https://www.african-markets.com/en/stock-markets/bvc/listed-companies,https://www.african-markets.com/listed-companies/company?code=ZDJ,Casablanca Stock Exchange (BVC),Morocco,2025-07-18T15:39:33.742249,African Markets BVC,2025-07-18T15:39:33.743386,Micro Cap,Other,{'EUR_MAD': 10.5303},"{'3 months': {'bid_rate': 1.59, 'ask_rate': 1.69}, '1 month': {'bid_rate': 1.56, 'ask_rate': 1.66}, '2 weeks': {'bid_rate': 1.54, 'ask_rate': 1.64}, '1 week': {'bid_rate': 1.52, 'ask_rate': 1.62}, 'Day to day': {'bid_rate': 1.5, 'ask_rate': 1.6}, 'September-2016': {'bid_rate': None, 'ask_rate': None}, 'August-2016': {'bid_rate': None, 'ask_rate': None}, 'July-2016': {'bid_rate': None, 'ask_rate': None}, 'June-2016': {'bid_rate': None, 'ask_rate': None}}","{'banks': 19.0, 'finance_companies': 34.0, 'offshore_banks': 6.0, 'microcredit_associations': 13.0, 'funds_transfer_companies': 10.0, 'other_institutions': 2.0, 'total': 84.0}"
MSA,Marsa Maroc,Industrials,870.1,0.13,62.33,63.86,African Markets,https://www.african-markets.com/en/stock-markets/bvc/listed-companies,https://www.african-markets.com/listed-companies/company?code=MSA,Casablanca Stock Exchange (BVC),Morocco,2025-07-18T15:39:33.742288,African Markets BVC,2025-07-18T15:39:33.743387,Large Cap,Industrials,{'EUR_MAD': 10.5303},"{'3 months': {'bid_rate': 1.59, 'ask_rate': 1.69}, '1 month': {'bid_rate': 1.56, 'ask_rate': 1.66}, '2 weeks': {'bid_rate': 1.54, 'ask_rate': 1.64}, '1 week': {'bid_rate': 1.52, 'ask_rate': 1.62}, 'Day to day': {'bid_rate': 1.5, 'ask_rate': 1.6}, 'September-2016': {'bid_rate': None, 'ask_rate': None}, 'August-2016': {'bid_rate': None, 'ask_rate': None}, 'July-2016': {'bid_rate': None, 'ask_rate': None}, 'June-2016': {'bid_rate': None, 'ask_rate': None}}","{'banks': 19.0, 'finance_companies': 34.0, 'offshore_banks': 6.0, 'microcredit_associations': 13.0, 'funds_transfer_companies': 10.0, 'other_institutions': 2.0, 'total': 84.0}"
IMO,Immorente Invest,Financials,86.9,-0.11,-3.44,0.78,African Markets,https://www.african-markets.com/en/stock-markets/bvc/listed-companies,https://www.african-markets.com/listed-companies/company?code=IMO,Casablanca Stock Exchange (BVC),Morocco,2025-07-18T15:39:33.742328,African Markets BVC,2025-07-18T15:39:33.743389,Micro Cap,Financial Services,{'EUR_MAD': 10.5303},"{'3 months': {'bid_rate': 1.59, 'ask_rate': 1.69}, '1 month': {'bid_rate': 1.56, 'ask_rate': 1.66}, '2 weeks': {'bid_rate': 1.54, 'ask_rate': 1.64}, '1 week': {'bid_rate': 1.52, 'ask_rate': 1.62}, 'Day to day': {'bid_rate': 1.5, 'ask_rate': 1.6}, 'September-2016': {'bid_rate': None, 'ask_rate': None}, 'August-2016': {'bid_rate': None, 'ask_rate': None}, 'July-2016': {'bid_rate': None, 'ask_rate': None}, 'June-2016': {'bid_rate': None, 'ask_rate': None}}","{'banks': 19.0, 'finance_companies': 34.0, 'offshore_banks': 6.0, 'microcredit_associations': 13.0, 'funds_transfer_companies': 10.0, 'other_institutions': 2.0, 'total': 84.0}"
MUT,Mutandis SCA,Consumer Goods,292.0,0.03,-3.95,2.7,African Markets,https://www.african-markets.com/en/stock-markets/bvc/listed-companies,https://www.african-markets.com/listed-companies/company?code=MUT,Casablanca Stock Exchange (BVC),Morocco,2025-07-18T15:39:33.742369,African Markets BVC,2025-07-18T15:39:33.743390,Small Cap,Consumer,{'EUR_MAD': 10.5303},"{'3 months': {'bid_rate': 1.59, 'ask_rate': 1.69}, '1 month': {'bid_rate': 1.56, 'ask_rate': 1.66}, '2 weeks': {'bid_rate': 1.54, 'ask_rate': 1.64}, '1 week': {'bid_rate': 1.52, 'ask_rate': 1.62}, 'Day to day': {'bid_rate': 1.5, 'ask_rate': 1.6}, 'September-2016': {'bid_rate': None, 'ask_rate': None}, 'August-2016': {'bid_rate': None, 'ask_rate': None}, 'July-2016': {'bid_rate': None, 'ask_rate': None}, 'June-2016': {'bid_rate': None, 'ask_rate': None}}","{'banks': 19.0, 'finance_companies': 34.0, 'offshore_banks': 6.0, 'microcredit_associations': 13.0, 'funds_transfer_companies': 10.0, 'other_institutions': 2.0, 'total': 84.0}"
ARD,Aradei Capital,Financials,465.0,0.76,-3.11,5.21,African Markets,https://www.african-markets.com/en/stock-markets/bvc/listed-companies,https://www.african-markets.com/listed-companies/company?code=ARD,Casablanca Stock Exchange (BVC),Morocco,2025-07-18T15:39:33.742410,African Markets BVC,2025-07-18T15:39:33.743391,Small Cap,Financial Services,{'EUR_MAD': 10.5303},"{'3 months': {'bid_rate': 1.59, 'ask_rate': 1.69}, '1 month': {'bid_rate': 1.56, 'ask_rate': 1.66}, '2 weeks': {'bid_rate': 1.54, 'ask_rate': 1.64}, '1 week': {'bid_rate': 1.52, 'ask_rate': 1.62}, 'Day to day': {'bid_rate': 1.5, 'ask_rate': 1.6}, 'September-2016': {'bid_rate': None, 'ask_rate': None}, 'August-2016': {'bid_rate': None, 'ask_rate': None}, 'July-2016': {'bid_rate': None, 'ask_rate': None}, 'June-2016': {'bid_rate': None, 'ask_rate': None}}","{'banks': 19.0, 'finance_companies': 34.0, 'offshore_banks': 6.0, 'microcredit_associations': 13.0, 'funds_transfer_companies': 10.0, 'other_institutions': 2.0, 'total': 84.0}"
TGC,TGCC,Industrials,973.9,1.24,104.6,30.81,African Markets,https://www.african-markets.com/en/stock-markets/bvc/listed-companies,https://www.african-markets.com/listed-companies/company?code=TGC,Casablanca Stock Exchange (BVC),Morocco,2025-07-18T15:39:33.742451,African Markets BVC,2025-07-18T15:39:33.743392,Mid Cap,Industrials,{'EUR_MAD': 10.5303},"{'3 months': {'bid_rate': 1.59, 'ask_rate': 1.69}, '1 month': {'bid_rate': 1.56, 'ask_rate': 1.66}, '2 weeks': {'bid_rate': 1.54, 'ask_rate': 1.64}, '1 week': {'bid_rate': 1.52, 'ask_rate': 1.62}, 'Day to day': {'bid_rate': 1.5, 'ask_rate': 1.6}, 'September-2016': {'bid_rate': None, 'ask_rate': None}, 'August-2016': {'bid_rate': None, 'ask_rate': None}, 'July-2016': {'bid_rate': None, 'ask_rate': None}, 'June-2016': {'bid_rate': None, 'ask_rate': None}}","{'banks': 19.0, 'finance_companies': 34.0, 'offshore_banks': 6.0, 'microcredit_associations': 13.0, 'funds_transfer_companies': 10.0, 'other_institutions': 2.0, 'total': 84.0}"
DYT,Disty Technologies,Technology,328.0,-0.3,26.4,0.32,African Markets,https://www.african-markets.com/en/stock-markets/bvc/listed-companies,https://www.african-markets.com/listed-companies/company?code=DYT,Casablanca Stock Exchange (BVC),Morocco,2025-07-18T15:39:33.742491,African Markets BVC,2025-07-18T15:39:33.743393,Micro Cap,Technology & Telecom,{'EUR_MAD': 10.5303},"{'3 months': {'bid_rate': 1.59, 'ask_rate': 1.69}, '1 month': {'bid_rate': 1.56, 'ask_rate': 1.66}, '2 weeks': {'bid_rate': 1.54, 'ask_rate': 1.64}, '1 week': {'bid_rate': 1.52, 'ask_rate': 1.62}, 'Day to day': {'bid_rate': 1.5, 'ask_rate': 1.6}, 'September-2016': {'bid_rate': None, 'ask_rate': None}, 'August-2016': {'bid_rate': None, 'ask_rate': None}, 'July-2016': {'bid_rate': None, 'ask_rate': None}, 'June-2016': {'bid_rate': None, 'ask_rate': None}}","{'banks': 19.0, 'finance_companies': 34.0, 'offshore_banks': 6.0, 'microcredit_associations': 13.0, 'funds_transfer_companies': 10.0, 'other_institutions': 2.0, 'total': 84.0}"
AKT,Akdital,Health Care,1458.0,0.21,38.59,18.46,African Markets,https://www.african-markets.com/en/stock-markets/bvc/listed-companies,https://www.african-markets.com/listed-companies/company?code=AKT,Casablanca Stock Exchange (BVC),Morocco,2025-07-18T15:39:33.742532,African Markets BVC,2025-07-18T15:39:33.743395,Mid Cap,Other,{'EUR_MAD': 10.5303},"{'3 months': {'bid_rate': 1.59, 'ask_rate': 1.69}, '1 month': {'bid_rate': 1.56, 'ask_rate': 1.66}, '2 weeks': {'bid_rate': 1.54, 'ask_rate': 1.64}, '1 week': {'bid_rate': 1.52, 'ask_rate': 1.62}, 'Day to day': {'bid_rate': 1.5, 'ask_rate': 1.6}, 'September-2016': {'bid_rate': None, 'ask_rate': None}, 'August-2016': {'bid_rate': None, 'ask_rate': None}, 'July-2016': {'bid_rate': None, 'ask_rate': None}, 'June-2016': {'bid_rate': None, 'ask_rate': None}}","{'banks': 19.0, 'finance_companies': 34.0, 'offshore_banks': 6.0, 'microcredit_associations': 13.0, 'funds_transfer_companies': 10.0, 'other_institutions': 2.0, 'total': 84.0}"
CFG,CFG Bank,Financials,249.95,2.44,12.59,8.75,African Markets,https://www.african-markets.com/en/stock-markets/bvc/listed-companies,https://www.african-markets.com/listed-companies/company?code=CFG,Casablanca Stock Exchange (BVC),Morocco,2025-07-18T15:39:33.742573,African Markets BVC,2025-07-18T15:39:33.743396,Small Cap,Financial Services,{'EUR_MAD': 10.5303},"{'3 months': {'bid_rate': 1.59, 'ask_rate': 1.69}, '1 month': {'bid_rate': 1.56, 'ask_rate': 1.66}, '2 weeks': {'bid_rate': 1.54, 'ask_rate': 1.64}, '1 week': {'bid_rate': 1.52, 'ask_rate': 1.62}, 'Day to day': {'bid_rate': 1.5, 'ask_rate': 1.6}, 'September-2016': {'bid_rate': None, 'ask_rate': None}, 'August-2016': {'bid_rate': None, 'ask_rate': None}, 'July-2016': {'bid_rate': None, 'ask_rate': None}, 'June-2016': {'bid_rate': None, 'ask_rate': None}}","{'banks': 19.0, 'finance_companies': 34.0, 'offshore_banks': 6.0, 'microcredit_associations': 13.0, 'funds_transfer_companies': 10.0, 'other_institutions': 2.0, 'total': 84.0}"
CMG,CMGP Group,Consumer Goods,360.0,0.84,24.14,6.12,African Markets,https://www.african-markets.com/en/stock-markets/bvc/listed-companies,https://www.african-markets.com/listed-companies/company?code=CMG,Casablanca Stock Exchange (BVC),Morocco,2025-07-18T15:39:33.742616,African Markets BVC,2025-07-18T15:39:33.743397,Small Cap,Consumer,{'EUR_MAD': 10.5303},"{'3 months': {'bid_rate': 1.59, 'ask_rate': 1.69}, '1 month': {'bid_rate': 1.56, 'ask_rate': 1.66}, '2 weeks': {'bid_rate': 1.54, 'ask_rate': 1.64}, '1 week': {'bid_rate': 1.52, 'ask_rate': 1.62}, 'Day to day': {'bid_rate': 1.5, 'ask_rate': 1.6}, 'September-2016': {'bid_rate': None, 'ask_rate': None}, 'August-2016': {'bid_rate': None, 'ask_rate': None}, 'July-2016': {'bid_rate': None, 'ask_rate': None}, 'June-2016': {'bid_rate': None, 'ask_rate': None}}","{'banks': 19.0, 'finance_companies': 34.0, 'offshore_banks': 6.0, 'microcredit_associations': 13.0, 'funds_transfer_companies': 10.0, 'other_institutions': 2.0, 'total': 84.0}"
